1	완득이	4.0
1	스물아홉 생일, 1년 후 죽기로 결심했다	5.0
1	청소부 밥	5.0
1	말의 품격	5.0
1	예감은 틀리지 않는다	4.0
1	무소유	3.5
1	미생	5.0
1	코스모스	1.5
1	Me Before You	5.0
1	Harry Potter and the Cursed Child - Parts One and Two	5.0
1	창문 넘어 도망친 100세 노인 (큰글자판)	5.0
1	어느 날 내가 죽었습니다	4.0
1	어디선가 나를 찾는 전화벨이 울리고	5.0
1	모멘트	4.0
1	은밀하게 위대하게	4.0
1	안네의 일기	4.0
1	신과 함께 : 이승편	5.0
1	원미동 사람들	4.0
1	사랑손님과 어머니	3.0
1	화차	5.0
1	해리 포터와 비밀의 방	5.0
1	소설가 구보씨의 일일	4.0
1	그리고 아무도 없었다	3.0
1	종의 기원	2.0
1	뇌	3.0
1	빨간 머리 앤	4.0
1	이방인	3.5
1	식객	5.0
1	어린 왕자	3.5
1	어린 왕자	3.5
1	죽음에 관하여	5.0
1	셜록 홈즈 : 모리어티의 죽음	5.0
1	1Q84	3.0
1	메이즈 러너	4.0
1	나의 라임 오렌지나무	4.0
1	해리 포터와 불사조 기사단	5.0
1	구운몽	3.0
1	신과 함께 : 저승편	4.5
1	서울, 1964년 겨울	4.0
1	정의란 무엇인가	2.0
1	나무	5.0
1	오발탄	3.0
1	오페라의 유령	4.5
1	파라다이스	3.0
1	정글만리	2.5
1	80일간의 세계일주	5.0
1	해를 품은 달	2.5
1	죽은 왕녀를 위한 파반느	5.0
1	보통의 존재 	4.0
1	향수	2.5
1	목욕의 신	5.0
1	얼굴 빨개지는 아이	3.0
1	어린 왕자	4.0
1	난장이가 쏘아올린 작은 공	3.5
1	시간을 달리는 소녀	5.0
1	마션	4.0
1	완득이	3.5
1	창가의 토토	5.0
1	천사와 악마	4.5
1	남과 여 1	3.0
2	가장 빨리 만나는 도커 Docker	3.0
2	2017 시나공 정보처리기사 필기 + 별책부록(기출문제집)	3.0
2	뇌	5.0
2	밀실살인게임	3.5
2	미생	3.0
2	오렌지 마말레이드	2.0
2	정재승의 과학 콘서트	4.0
2	마지막 잎새	4.0
2	1cm 첫 번째 이야기	4.0
2	데스 노트 Death Note	5.0
2	셜록 홈즈 전집 1	5.0
2	셜록 홈즈 : 모리어티의 죽음	5.0
2	하치 이야기	4.0
2	늑대의 유혹	5.0
2	타이밍	4.0
2	그리고 아무도 없었다	4.0
2	여탕보고서	4.0
2	죽은 시인의 사회	3.0
2	치즈 인 더 트랩	4.0
2	어린 왕자	5.0
2	해리 포터와 혼혈왕자	5.0
2	뇌	4.0
2	신과 함께 : 저승편	5.0
2	대학일기	5.0
2	후레자식	3.0
2	어린 왕자	4.0
2	어린 왕자	4.0
2	죽음에 관하여	5.0
2	다이어터 1 : 식이조절 편	5.0
2	화차	3.0
2	앵무새 죽이기	5.0
2	나무	5.0
2	개미	5.0
2	원미동 사람들	4.0
2	아프니까 청춘이다	4.0
2	가시고기	4.0
2	봉순이 언니	3.0
2	몽실 언니	3.0
2	신과 함께 : 신화편	4.0
2	용의자 X의 헌신	4.0
2	명탐정 코난	5.0
2	아홉살 인생	3.0
2	송곳	3.5
2	해리 포터와 아즈카반의 죄수	5.0
2	등대지기	4.0
2	해리 포터와 불의 잔	5.0
2	어린 왕자	4.0
2	쥐	5.0
2	개밥바라기별	4.0
2	해리 포터와 비밀의 방	5.0
2	미스터 초밥왕	4.0
2	조명가게	3.0
2	삼미 슈퍼스타즈의 마지막 팬클럽	3.0
2	소나기	3.0
2	나의 라임 오렌지 나무	4.0
2	해리 포터와 저주받은 아이 (스페셜 리허설 에디션 대본)	5.0
2	광장/구운몽	4.0
2	하이큐!!	3.0
2	눈먼 자들의 도시	3.0
2	유미의 세포들	5.0
2	셜록 홈즈 : 주홍색 연구	5.0
2	나의 라임 오렌지나무	5.0
2	정글만리	3.0
2	선천적 얼간이들	4.0
2	모리와 함께한 화요일	4.0
2	그리고 아무도 없었다	5.0
2	해리 포터와 마법사의 돌	5.0
2	식객	4.0
2	토지	3.0
2	드래곤 볼	3.0
2	제3인류	4.0
2	20세기 소년	5.0
2	다이어터 2 : 운동적응기 편	4.0
3	통섭의 식탁	4.0
3	죽음이란 무엇인가	3.5
3	어떻게 살 것인가	3.5
3	미움받을 용기	3.5
3	아프니까 청춘이다	4.0
3	정의란 무엇인가	4.0
3	경제학 콘서트	4.0
3	지적 대화를 위한 넓고 얕은 지식 : 현실 세계 편	4.0
3	지적 대화를 위한 넓고 얕은 지식 : 현실 너머 편	4.0
3	1Q84	5.0
3	그리고 아무도 없었다	4.5
3	파피용	4.5
3	빠삐용	4.5
3	제3인류	4.0
3	연금술사	4.0
3	사랑하기 때문에	4.0
3	만들어진 신	4.0
3	정재승의 과학 콘서트	4.0
3	Do it! 쉽게 배우는 R 데이터 분석	3.0
3	Do it! 점프 투 파이썬	3.5
3	Java의 정석	4.0
3	당신은 겉보기에 노력하고 있을 뿐	3.5
3	마시멜로 세 번째 이야기	3.0
3	선물	4.0
3	어떻게 원하는 것을 얻는가	3.5
3	이기는 습관	4.0
3	성공하는 사람들의 7가지 습관	3.5
3	마시멜로 이야기	3.5
3	콘텐츠의 미래	3.5
3	소음과 투자	3.0
3	빅 숏 Big Short	3.5
3	신호와 소음	3.0
3	나는 세계 일주로 자본주의를 만났다	3.0
3	경영학 콘서트	3.0
3	화폐전쟁	4.0
3	나는 세계 일주로 경제를 배웠다	3.5
3	클라우스 슈밥의 제4차 산업혁명	3.0
3	화폐전쟁	4.5
3	넛지	4.0
3	그리고 아무도 없었다	4.0
3	완벽한 공부법	4.5
3	너의 이름은.	3.0
3	후레자식	3.0
3	냉정과 열정사이 Rosso	4.5
3	마시멜로 두 번째 이야기	4.0
3	나는 정말 너를 사랑하는 걸까?	3.0
3	해리 포터와 아즈카반의 죄수	3.5
3	당신, 거기 있어 줄래요?	4.5
3	1cm+ 일 센티 플러스	3.5
3	천사의 부름	4.5
3	연탄길	3.0
3	톨스토이 단편선	3.0
3	해리 포터와 불사조 기사단	4.0
3	냉정과 열정사이 Blu	4.0
3	파페포포 다이어리	3.0
3	나무	4.0
3	해리 포터와 혼혈왕자	4.0
3	너의 췌장을 먹고 싶어	3.5
3	야생초 편지	3.5
3	해리 포터와 죽음의 성물	4.0
3	종이 여자	4.0
3	색채가 없는 다자키 쓰쿠루와 그가 순례를 떠난 해	4.0
3	어린 왕자	3.5
3	고백	4.0
4	웃음	3.0
4	블록체인 구조와 이론	3.0
4	왕좌의 게임	2.5
4	청바지 돌려 입기	3.0
4	죽은 시인의 사회	3.0
4	뇌	3.0
4	어린 왕자	3.0
4	아낌없이 주는 나무	3.0
4	우동 한 그릇	2.0
4	신	3.0
4	도가니	2.5
4	오만과 편견	2.5
4	1Q84	3.5
4	난장이가 쏘아올린 작은 공	2.5
4	개미	3.0
4	2015 시나공 정보처리산업기사 필기	3.0
4	C로 배우는 쉬운 자료구조	2.5
4	Do it! HTML5 + CSS3 웹 표준의 정석	3.0
4	Java의 정석	2.5
4	Do it! 안드로이드 앱 프로그래밍	3.0
4	Java의 정석	2.5
4	열혈강의 C 프로그래밍	2.5
4	데이터베이스 기초와 실습 : 액세스 2007	2.5
4	윤성우의 열혈 C 프로그래밍	2.5
4	적을 만들지 않는 대화법	1.5
4	마시멜로 이야기	2.5
4	심플하게 산다	2.0
4	파페포포 다이어리	2.5
4	연어	3.0
4	파피용	4.0
4	연애혁명	1.5
5	살인자의 기억법	3.0
5	무소유	4.5
5	그리고 아무도 없었다	4.0
5	오리엔트 특급살인	3.5
5	가면 산장 살인 사건	4.0
5	너의 췌장을 먹고 싶어	4.0
5	오페라의 유령	3.5
5	난장이가 쏘아올린 작은 공	4.0
5	남한산성	4.5
5	냉정과 열정사이 Rosso	4.0
5	슬램덩크	5.0
5	덕혜옹주	4.0
5	군주론	4.0
5	냉정과 열정사이 Blu	4.0
5	설민석의 조선왕조실록	4.0
5	베니스의 상인	4.0
6	웃음	5.0
6	플랜더스의 개	5.0
6	나의 라임 오렌지나무	5.0
6	허클베리 핀의 모험	5.0
6	나무	5.0
6	자기 앞의 생	5.0
6	악마는 프라다를 입는다	5.0
6	가장 빨리 만나는 도커 Docker	5.0
6	파이썬을 이용한 머신러닝, 딥러닝 실전 개발 입문	5.0
6	모두의 파이썬	5.0
6	2017 시나공 정보처리기사 필기 + 별책부록(기출문제집)	5.0
6	밑바닥부터 시작하는 딥러닝	5.0
6	무량수전 배흘림기둥에 기대서서	4.5
6	거꾸로 읽는 세계사	5.0
6	글자전쟁	5.0
6	누가 내 치즈를 옮겼을까?	5.0
6	오페라의 유령	4.5
6	빨간 머리 앤	5.0
6	정의란 무엇인가	5.0
6	미움받을 용기	5.0
6	트와일라잇	5.0
6	미생	5.0
6	아버지들의 아버지	5.0
6	어린 왕자	4.5
6	80일간의 세계일주	5.0
6	신과 함께 : 이승편	4.5
6	남한산성	5.0
6	치즈 인 더 트랩	5.0
6	도리언 그레이의 초상	4.0
6	호밀밭의 파수꾼	4.0
7	대한민국사 - 전3권	4.5
7	대한민국사	4.5
7	나의 한국현대사	4.5
7	고통의 문제 (보급판 문고본)	5.0
7	하나님의 대사	4.5
7	지성에서 영성으로	4.0
7	순전한 기독교	4.5
7	긍정의 힘	3.0
7	순전한 기독교 	4.5
7	목적이 이끄는 삶	4.5
7	내려놓음	4.0
7	스크루테이프의 편지 	5.0
7	신호와 소음	5.0
7	거래의 기술	4.0
7	축적의 길	5.0
7	The Secret	3.5
7	화폐전쟁	5.0
7	딥 워크	4.0
7	디케의 눈	4.0
7	차나왕 요시츠네	5.0
7	이기는 습관 1	3.5
7	삼국지 경영학	3.5
7	오리지널스	5.0
7	자기 통제의 승부사 사마의	4.0
7	한국의 젊은 부자들	3.0
7	직장인을 위한 긍정의 힘 성공편	3.0
7	생각하는 미친놈	3.5
7	상상하지 말라	4.0
7	대한민국사 2	4.0
7	보랏빛 소가 온다	4.0
7	기획의 정석 실전편	4.0
7	블록체인 혁명	4.0
7	레버리지	3.5
7	디지로그 digilog	3.5
7	제로 투 원	4.5
7	초격차	4.0
7	완벽한 공부법	3.5
7	비트코인 현상, 블록체인 2.0	4.0
7	죽은 경제학자의 살아있는 아이디어	4.5
7	설득의 논리학	4.0
7	한국 자본주의	3.5
7	포지셔닝	4.0
7	원칙 Principles	5.0
7	딜리버링 해피니스	4.0
7	일본전산 이야기	4.0
7	화폐전쟁	5.0
7	넛지	4.0
7	디지로그 digilog	4.0
7	다윗과 골리앗	4.0
7	골든아워	4.0
7	부의 미래	5.0
7	블루 오션 전략 	4.0
7	대통령의 말하기	4.0
7	혼.창.통	4.0
7	왜 일하는가	5.0
7	어떻게 원하는 것을 얻는가	5.0
7	코스모스	4.5
7	수레바퀴 아래서	4.0
7	나는 고양이로소이다	4.0
7	인생 수업	4.0
7	카라마조프 가의 형제들	5.0
7	나니아 연대기	5.0
7	냉정과 열정사이 Rosso	4.0
8	다 빈치 코드	1.0
8	모랫말 아이들	2.0
8	가방 들어주는 아이	5.0
8	파브르 곤충기	1.0
8	역사를 바꾼 17가지 화학 이야기	5.0
8	소설가 구보씨의 일일	2.0
8	사랑손님과 어머니	5.0
8	종의 기원	5.0
8	몽실 언니	5.0
8	원미동 사람들	5.0
8	우리들의 일그러진 영웅	4.0
8	정의란 무엇인가	5.0
8	왜 세계의 절반은 굶주리는가?	4.0
8	생각 버리기 연습	5.0
8	적을 만들지 않는 대화법	5.0
8	스무살에 알았더라면 좋았을 것들	5.0
8	성공하는 사람들의 7가지 습관	5.0
8	습관의 힘	4.0
8	배려	3.0
8	누가 내 치즈를 옮겼을까?	5.0
8	언어천재 조승연의 이야기 인문학	5.0
8	어떻게 죽을 것인가	3.0
8	국가	3.0
8	상대적이며 절대적인 지식의 백과사전 1	5.0
8	그리스 로마 신화	5.0
8	북유럽 신화	5.0
8	국가란 무엇인가	4.0
8	사피엔스	4.0
8	정의란 무엇인가	5.0
8	직장인이여 회계하라	5.0
8	경제 상식사전 (별책 : 알짜! 경제용어 300선)	5.0
8	유엔미래보고서 2025	4.0
8	멈추면, 비로소 보이는 것들	5.0
8	완벽하지 않은 것들에 대한 사랑	5.0
8	모리와 함께한 화요일	3.0
8	아프니까 청춘이다	5.0
8	멈추면, 비로소 보이는 것들	5.0
8	오체 불만족	5.0
8	탈무드	1.0
8	엄마의 말뚝	3.0
8	셰익스피어 4대 비극	5.0
8	돈키호테	1.0
8	연어	5.0
8	오세암	5.0
8	흑설공주 이야기	2.0
8	메밀꽃 필 무렵	2.5
8	걸리버 여행기	4.0
8	구운몽	3.5
8	바리데기	1.0
8	백설공주에게 죽음을	0.5
8	젊은 베르테르의 슬픔	0.5
8	소나기	3.0
8	아낌없이 주는 나무	5.0
8	노인과 바다	1.0
8	안네의 일기	1.0
8	우리들의 행복한 시간	2.0
8	향수	3.0
8	해리 포터와 죽음의 성물	5.0
8	해리 포터와 불사조 기사단	5.0
8	해리 포터와 불의 잔	5.0
8	해리 포터와 아즈카반의 죄수	5.0
8	가시고기	3.0
8	어린 왕자	1.0
8	엄마를 부탁해	4.0
8	해리 포터와 혼혈왕자	5.0
8	해리 포터와 비밀의 방	5.0
8	해리 포터와 마법사의 돌	5.0
8	마시멜로 두 번째 이야기	1.5
8	종의 기원	5.0
8	죽고 싶지만 떡볶이는 먹고 싶어	5.0
8	나의 라임 오렌지 나무	3.0
9	무소유	2.5
9	그건, 사랑이었네	4.5
9	봉순이 언니	4.0
9	한비야의 중국견문록	4.5
9	지도 밖으로 행군하라	4.5
9	난장이가 쏘아올린 작은 공	4.0
9	성공하는 사람들의 7가지 습관	4.5
9	오체 불만족	3.0
9	캣칭 파이어	4.0
9	미 비포 유	3.5
9	운수 좋은 날 「현진건」	3.0
9	참을 수 없는 존재의 가벼움	3.0
9	우리들의 일그러진 영웅	3.0
9	향수	3.0
9	가시고기	3.0
9	메이즈 러너	5.0
9	날개	4.0
9	몽실 언니	3.0
9	마음의 소리	3.5
9	낢이 사는 이야기	3.5
9	조명가게	4.0
9	외모지상주의 1	2.5
9	아파트	3.5
9	진격의 거인	4.5
9	이웃 사람	4.0
9	나루토 Naruto	4.0
9	완득이	3.0
9	사랑손님과 어머니	3.0
9	드래곤 볼	4.0
9	구운몽	3.5
9	헝거 게임	5.0
9	강철의 연금술사	3.0
9	데스 노트 Death Note	4.5
9	원미동 사람들	3.5
9	어린 왕자	3.0
9	신과 함께 : 신화편	5.0
9	완득이	3.5
9	빅 픽처	5.0
9	신과 함께 : 이승편	5.0
9	눈먼 자들의 도시	4.5
9	죽음에 관하여	5.0
9	슬램덩크	5.0
9	우리들의 행복한 시간	4.0
9	신과 함께 : 저승편	5.0
9	아프니까 청춘이다	4.5
9	어린 왕자	3.0
9	나무	2.5
9	어린 왕자	3.0
9	나의 라임 오렌지나무	3.0
9	위대한 개츠비	3.5
9	봄.봄 「김유정」	3.0
9	해리 포터와 죽음의 성물	3.0
9	명탐정 코난	4.0
9	원피스 ONE PIECE	4.0
10	조선왕조실톡	5.0
10	반지의 제왕	3.5
10	로마인 이야기 	1.0
10	어린 왕자	4.0
10	20대, 공부에 미쳐라	3.0
10	파브르 곤충기	2.5
10	이상한 나라의 앨리스	4.0
10	메밀꽃 필 무렵	3.0
10	무소유	5.0
10	남과 여 1	5.0
10	죄와 벌	4.0
10	진격의 거인	5.0
10	운수좋은 날	4.0
10	후레자식	3.5
10	나니아 연대기	2.0
10	마지막 잎새	4.5
10	베니스의 상인	3.0
10	수학귀신	4.0
10	찰리와 초콜릿 공장 	5.0
10	드래곤 볼	5.0
10	죽은 시인의 사회	5.0
10	지도 밖으로 행군하라	1.0
10	헝거 게임	4.5
10	어린 왕자	4.0
10	데스 노트 Death Note	4.5
10	지적 대화를 위한 넓고 얕은 지식 : 현실 세계 편	5.0
10	선천적 얼간이들	5.0
10	마시멜로 두 번째 이야기	2.0
10	신과 함께 : 신화편	2.0
10	우리들의 일그러진 영웅	5.0
10	죽음에 관하여	5.0
10	신과 함께 : 저승편	5.0
10	살인자의 기억법	4.0
10	해리 포터와 불사조 기사단	3.0
10	해리 포터와 불의 잔	5.0
10	해리 포터와 아즈카반의 죄수	5.0
10	나의 라임 오렌지나무	5.0
10	마시멜로 이야기	5.0
10	해리 포터와 비밀의 방	5.0
10	해리 포터와 마법사의 돌	4.5
10	미적분학 2+	4.5
10	박경미의 수학 콘서트	5.0
10	미적분학 1+	4.5
10	파인만의 물리학 강의 Volume 1, 양장본	5.0
10	괴짜물리학	5.0
10	구글 신은 모든 것을 알고 있다	5.0
10	서민의 기생충 열전	3.0
10	칼 세이건의 말	4.0
10	인체 완전판	5.0
10	해리포터 사이언스	5.0
10	발명 콘서트	5.0
10	이중나선	3.5
10	모든 순간의 물리학	5.0
10	페르마의 마지막 정리	5.0
10	빛의 물리학	5.0
10	앨런 튜링의 이미테이션 게임	4.5
10	연쇄살인범 파일	4.5
10	파인만의 여섯가지 물리 이야기	4.0
10	멘사 시각 퍼즐	5.0
10	리처드 파인만	5.0
10	추리력 퍼즐	3.0
10	과학혁명의 구조	3.0
10	종의 기원	5.0
10	페르마의 마지막 정리	5.0
10	파인만 씨, 농담도 잘하시네!	5.0
10	정재승의 과학 콘서트	5.0
10	선대인의 빅픽처	4.0
10	부자언니 부자연습	4.0
10	2018 인구 절벽이 온다	3.5
10	1인 가구 돈 관리	4.5
10	똑똑한 사람들의 멍청한 선택	4.0
10	에어비앤비 스토리	4.0
10	마케팅 천재가 된 맥스	3.5
10	빅 숏 Big Short	3.0
10	90일 완성 돈 버는 평생 습관	3.0
10	스타트업 바이블	3.0
10	거의 모든 IT의 역사	3.5
10	전설로 떠나는 월가의 영웅 (2017 최신개정판)	4.0
10	세계미래보고서 2050	3.0
10	깨진 유리창 법칙	5.0
10	컬처 코드	4.0
10	더 골 The Goal	4.0
10	엘론 머스크, 대담한 도전	3.0
10	2017 대한민국 트렌드	5.0
10	아날로그의 반격	3.5
10	빅데이터, 경영을 바꾸다	4.0
10	한국의 젊은 부자들	3.0
10	화폐전쟁	4.0
10	화폐전쟁	4.0
10	EBS 다큐프라임 자본주의	2.5
10	넛지	2.5
10	트렌드 코리아 2016	5.0
10	철학 콘서트 1	4.0
10	스키너의 심리상자 열기	5.0
10	차라투스트라는 이렇게 말했다	4.0
10	먼나라 이웃나라	4.0
11	멋진 신세계	4.0
11	걸 온 더 트레인	3.0
11	12가지 인생의 법칙	3.5
11	13 Reasons Why	4.0
11	생각하지 않는 사람들	2.5
11	이것이 자바다	4.0
11	모두의 파이썬	2.0
11	하버드 마지막 강의	2.5
11	유튜브의 신	3.5
11	원씽 The One Thing	3.5
11	하루 15분 정리의 힘	2.0
11	스무살에 알았더라면 좋았을 것들	3.0
11	80일간의 세계 일주	3.5
11	파우스트	2.0
11	지킬 박사와 하이드	3.0
11	마틸다 (반양장)	3.5
11	화차	4.0
11	붉은 손가락	3.0
11	연애혁명	3.5
11	폭풍의 언덕	3.5
11	이클립스	3.5
11	규장각 각신들의 나날	4.0
11	뉴문	3.5
11	브레이킹 던	4.0
11	헝거 게임	3.0
11	명탐정 코난	2.5
11	강철의 연금술사	3.5
11	지적 대화를 위한 넓고 얕은 지식 : 현실 세계 편	3.0
11	노인과 바다	3.0
11	구해줘	3.5
11	성균관 유생들의 나날	3.5
11	해리 포터와 죽음의 성물	3.5
11	파피용	4.0
11	해리 포터와 불의 잔	3.0
11	해리 포터와 혼혈왕자	3.0
11	나의 라임 오렌지나무	3.0
11	마시멜로 이야기	2.5
11	해리 포터와 마법사의 돌	3.0
11	삼국지	4.0
11	묵향	3.0
11	오만과 편견	4.0
11	연금술사	2.5
11	앵무새 죽이기	3.5
11	동물농장	3.0
11	해리 포터와 비밀의 방	3.0
11	다 빈치 코드	3.0
11	정의란 무엇인가	3.0
11	원미동 사람들	3.0
11	난장이가 쏘아올린 작은 공	3.0
11	채식주의자	4.0
11	달빛 조각사	3.0
11	해변의 카프카	3.5
11	색채가 없는 다자키 쓰쿠루와 그가 순례를 떠난 해	3.0
11	1Q84	4.5
11	노르웨이의 숲	4.0
11	데미안	3.0
11	애프터 유	1.5
11	시간 여행자의 아내 1	4.5
11	이반 데니소비치, 수용소의 하루	3.5
11	눈뜬 자들의 도시	2.0
11	모멘트	2.5
11	빠삐용	3.5
11	로빈슨 크루소	3.0
11	천사의 부름	2.5
11	80일간의 세계일주	3.0
11	렛미인	3.0
11	용의자 X의 헌신	3.0
11	The Martian	4.0
11	The Hunger Games	3.0
11	미스터 초밥왕	3.0
11	드래곤 라자	3.0
11	멋진 신세계	4.0
11	천 개의 찬란한 태양	4.0
11	해리 포터와 아즈카반의 죄수	3.0
11	Twilight	3.5
11	하마터면 열심히 살 뻔했다	4.0
11	모비 딕 -	3.0
11	나미야 잡화점의 기적	4.0
11	자살토끼	2.5
11	먼나라 이웃나라	3.0
11	죽을 때 후회하는 스물다섯 가지	3.0
11	변신	3.5
11	어린 왕자	3.5
11	26년	3.0
11	해리 포터와 불사조 기사단	3.0
11	1984	3.5
11	신	4.0
11	아웃라이어	3.0
11	정글만리	3.0
11	오베라는 남자	3.5
11	나는 고양이로소이다	2.5
11	캣칭 파이어	3.0
11	미생	4.0
11	리버 보이	2.5
11	창문 넘어 도망친 100세 노인	3.5
11	지적 대화를 위한 넓고 얕은 지식 : 현실 너머 편	2.5
11	살인자의 기억법	3.5
11	미 비포 유	4.0
11	이방인	3.5
11	군주론	3.0
11	모킹제이	2.5
12	책은 도끼다	4.5
12	다시, 책은 도끼다	4.5
12	종이 여자	4.0
12	칼의 노래	4.5
12	국가란 무엇인가	4.5
12	여덟 단어	5.0
12	지상의 노래	4.5
12	언어의 온도	5.0
12	그해, 여름 손님	4.5
12	1984	4.5
12	시크릿	4.0
12	종의 기원	4.0
12	기사단장 죽이기	4.5
12	고도를 기다리며	4.5
12	말의 품격	5.0
12	안네의 일기	4.0
12	나무	4.0
12	리버 보이	5.0
12	비행운	5.0
12	신	5.0
12	총 균 쇠	4.5
12	운수좋은 날	4.5
12	카라마조프 가의 형제들	5.0
12	백설공주에게 죽음을	4.5
12	바리데기	5.0
12	토지	4.5
12	아웃라이어	3.0
12	바깥은 여름	5.0
12	당신, 거기 있어 줄래요?	4.5
12	도가니	5.0
12	제3인류	4.5
12	모랫말 아이들	4.0
12	무진기행	5.0
12	칼의 노래	4.5
12	그리스인 조르바	4.5
12	보통의 존재 	5.0
12	28	4.5
12	사랑의 기술	3.0
12	해리 포터와 아즈카반의 죄수	5.0
12	냉정과 열정사이 Blu	4.5
12	죽은 시인의 사회	4.0
12	나의 라임 오렌지나무	5.0
12	1Q84	5.0
12	여자 없는 남자들	5.0
12	베니스의 상인	5.0
12	어린 왕자	5.0
12	완득이	4.5
12	개미	5.0
12	개밥바라기별	5.0
12	돈키호테	4.5
12	무진기행 「김승옥」	5.0
12	오베라는 남자	4.5
12	어린 왕자	4.5
12	나미야 잡화점의 기적	4.5
12	위대한 개츠비	4.5
12	흰	4.0
12	우리에겐 언어가 필요하다	3.0
12	우아한 거짓말	3.0
12	살인자의 기억법	4.0
12	나의 문화유산답사기 	4.5
12	지적 대화를 위한 넓고 얕은 지식 : 현실 너머 편	4.5
13	마스터 키튼	5.0
13	젊은 예술가의 초상	4.0
13	사람은 무엇으로 사는가	5.0
13	체 게바라 평전	3.5
13	북유럽 신화	3.5
13	향연	4.0
13	백년 동안의 고독	4.5
13	차라투스트라는 이렇게 말했다	3.5
13	무기여 잘 있어라	3.0
13	어린 왕자	4.0
13	오이디푸스 왕	4.0
13	파이 이야기	3.0
13	신곡 - 지옥편	4.5
13	이방인	5.0
13	정의란 무엇인가	4.0
13	나의 문화유산답사기 	3.0
13	도구와 기계의 원리 Now	4.0
13	벌거벗은 통계학	4.5
13	기탄잘리	4.5
13	악의 꽃	4.5
13	역사 ⓔ 2	3.0
13	러셀 서양철학사	3.5
13	아내를 모자로 착각한 남자	4.5
13	레미제라블	3.5
13	도리언 그레이의 초상	4.0
13	원숭이도 이해하는 자본론	3.0
13	만화로 보는 그리스 로마 신화	4.0
13	사가판 어류도감	4.0
13	시크릿	0.5
13	군주론	5.0
13	손자병법	5.0
13	맹자	3.5
13	알키비아데스	5.0
13	살인자의 건강법	3.5
13	장미의 이름	5.0
13	허클베리 핀의 모험	4.0
13	1984	4.5
13	수학의 언어로 세상을 본다면	3.5
13	틀리지 않는 법	4.0
13	그들이 말하지 않는 23가지	3.5
13	생각에 관한 생각	5.0
13	사기 열전	5.0
13	서양미술사	4.0
13	동물농장	4.5
13	맥베스	5.0
13	주홍색 연구	3.5
13	도리언 그레이의 초상	3.5
13	돈으로 살 수 없는 것들	4.0
13	죽음이란 무엇인가	4.0
13	괴델, 에셔, 바흐	4.0
13	도덕경	4.5
13	논어	4.5
13	플라톤 향연	5.0
13	크리톤	5.0
13	소크라테스의 변명	5.0
13	파이돈	5.0
13	호모 데우스	5.0
13	사피엔스	5.0
13	파인만 씨, 농담도 잘하시네!	4.0
13	적의 화장법	2.5
13	삼국지	3.5
13	어린 왕자	4.0
13	나의 라임 오렌지 나무	3.5
13	야생초 편지	3.0
13	월든	3.0
13	쥐	4.0
13	강철의 연금술사	4.5
13	안네의 일기	3.0
13	변신	5.0
13	멋진 신세계	3.5
13	파리대왕	5.0
14	엘론 머스크, 대담한 도전	5.0
14	인간 실격	5.0
14	몰입	3.0
14	나는 왜 이 일을 하는가?	3.0
14	내가 알고 있는 걸 당신도 알게 된다면	5.0
14	4차 산업혁명 시대, 전문직의 미래	4.0
14	신경 끄기의 기술	5.0
14	이기는 습관	4.0
14	빅데이터, 경영을 바꾸다	5.0
14	스물아홉 생일, 1년 후 죽기로 결심했다	5.0
14	회계 천재가 된 홍대리 2 : 수익성 개선 편	4.0
14	심플하게 산다	5.0
14	우리는 마약을 모른다	3.0
14	1만 시간의 법칙	4.0
14	클라우스 슈밥의 제4차 산업혁명	4.0
14	노는 만큼 성공한다	4.0
14	심플하게 산다 2	5.0
14	힐빌리의 노래	3.5
14	2017 대한민국 트렌드	3.0
14	마지막 강의	2.5
14	하버드의 생각수업	4.0
14	이케아, 불편을 팔다	3.0
14	어떻게 원하는 것을 얻는가	5.0
14	The Hunger Games	4.0
14	꿈의 해석	5.0
14	곰돌이 푸, 행복한 일은 매일 있어	3.0
14	너의 췌장을 먹고 싶어	1.0
14	넛지	1.5
14	미생	4.5
14	천 번을 흔들려야 어른이 된다	1.0
15	다른 사람	5.0
15	어른이 되어 더 큰 혼란이 시작되었다	4.0
15	라틴어 수업	3.5
15	금의 나라 물의 나라	4.0
15	비즈니스를 위한 데이터 과학	4.0
15	아침 바나나 다이어트	3.5
15	셈을 할 줄 아는 까막눈이 여자	5.0
15	아웃라이어	4.5
15	부자의 집사	3.5
15	악어 프로젝트	4.5
15	스페인어 초급에서 중급으로	5.0
15	필리버스터	5.0
15	내 마음의 낯섦	4.5
15	옵션 B	5.0
15	지성에서 영성으로	4.0
15	축소 지향의 일본인	4.0
15	미움받을 용기	4.0
15	달리기를 말할 때 내가 하고 싶은 이야기	3.5
15	산티아고 가는 길 : 카미노 데 산티아고	4.0
15	골드만삭스를 신고 차이나를 걷는 여자	5.0
15	목적이 이끄는 삶	4.0
15	하나님의 대사 2	4.0
15	백악관을 기도실로 만든 대통령 링컨 (반양장)	4.0
15	닉 부이치치의 허그(HUG)	4.0
15	긍정의 힘	4.0
15	내 이름은 빨강	4.0
15	잘못은 우리 별에 있어	4.0
15	제3인류	3.5
15	진주 귀고리 소녀	4.0
15	르몽드 세계사	4.5
15	하룻밤에 읽는 세계사 1	4.0
15	Java의 정석	3.5
15	1日1食	3.5
15	두나's 서울놀이	3.0
15	미학 오디세이	3.0
15	나는 왜 너를 사랑하는가	4.0
15	지도 밖으로 행군하라	4.0
15	어린 왕자	4.0
15	무진기행	4.5
15	이갈리아의 딸들	5.0
15	설국	4.0
15	천사와 악마	4.0
15	창문 넘어 도망친 100세 노인	4.0
15	채식주의자	5.0
15	1만 시간 동안의 남미	5.0
15	클로즈업 오사카	4.0
15	스페인, 너는 자유다	3.0
15	한비야의 중국견문록	5.0
15	현대 사회학	4.0
15	백래시	5.0
15	여혐민국	5.0
15	Lean In 린 인	4.0
15	행복한 이기주의자	5.0
15	괴짜경제학	5.0
15	나는 세계 일주로 경제를 배웠다	5.0
15	트렌드 코리아 2017	4.0
15	변신	4.5
15	냉정과 열정사이 Rosso	4.0
15	냉정과 열정사이 Blu	4.0
15	오체 불만족	3.0
15	시크릿	3.5
15	신과 함께 : 신화편	4.5
15	신과 함께 : 이승편	4.0
15	누가 내 치즈를 옮겼을까?	3.0
15	신	4.0
15	향수	5.0
15	그리고 아무도 없었다	4.0
15	노르웨이의 숲	4.0
15	1984	5.0
15	파피용	5.0
15	아프니까 청춘이다	3.5
15	가시고기	4.0
15	다 빈치 코드	4.0
15	해리 포터와 혼혈왕자	4.0
15	나무	5.0
15	연금술사	4.0
15	해리 포터와 비밀의 방	4.0
15	해리 포터와 마법사의 돌	4.0
15	어떻게 원하는 것을 얻는가	4.0
15	김 비서가 왜 그럴까	4.0
15	넛지	4.0
15	괴짜 경제학 (개정증보판)	5.0
15	숨결이 바람 될 때	5.0
16	리어 왕	4.0
16	이성과 감성	4.5
16	엠마	4.0
16	제국의 위안부	2.5
16	상상의 공동체	4.5
16	페르세폴리스	5.0
16	카프카 단편집	4.0
16	대위의 딸	4.5
16	폭풍의 언덕	4.5
16	죽음이란 무엇인가	4.5
16	값싼 중국의 종말	4.0
16	오리엔탈리즘	3.5
16	사랑하라 한번도 상처받지 않은 것처럼	4.5
16	왜 세계의 절반은 굶주리는가?	5.0
16	노르웨이의 숲	5.0
16	구해줘	5.0
16	꾸뻬 씨의 행복 여행	5.0
16	베로니카, 죽기로 결심하다	4.0
16	위대한 개츠비	5.0
16	세상의 중심에서 사랑을 외치다	4.0
16	호밀밭의 파수꾼	5.0
16	향수	4.0
16	정의란 무엇인가	5.0
17	곰돌이 푸, 행복한 일은 매일 있어	3.5
17	무신론자를 위한 종교	4.0
17	행복의 건축	4.0
17	모든 관계는 말투에서 시작된다	3.5
17	나는 생각이 너무 많아	4.0
17	참을 수 없는 존재의 가벼움	3.0
17	딸에 대하여	2.0
17	공지영의 수도원 기행 	4.0
17	혼자만 잘 살믄 무슨 재민겨	4.0
17	나는 왜 작은 일에만 분개하는가	4.0
17	공부하다 죽어라	0.5
17	지도 밖으로 행군하라	4.0
17	미라클 모닝	4.0
17	신경 끄기의 기술	1.0
17	혼자 있는 시간의 힘	5.0
17	무코다 이발소	2.0
17	예감은 틀리지 않는다	5.0
17	마지막 패리시 부인	3.0
17	해변의 카프카	4.0
17	향수	1.0
17	당신, 거기 있어 줄래요?	2.0
17	세상에 너를 소리쳐!	0.5
17	불륜	5.0
17	내일	4.0
17	자기 앞의 생	5.0
17	네가 어떤 삶을 살든 나는 너를 응원할 것이다	5.0
17	꽃들에게 희망을	5.0
17	이갈리아의 딸들	1.0
17	자살토끼	2.0
17	종이 여자	5.0
17	두근두근 내 인생	5.0
17	사랑하라 한번도 상처받지 않은 것처럼	4.0
17	자존감 수업	4.0
17	지적 대화를 위한 넓고 얕은 지식 : 현실 세계 편	3.5
17	왜 나는 너를 사랑하는가	0.5
17	오베라는 남자	1.5
17	지적 대화를 위한 넓고 얕은 지식 : 현실 너머 편	4.0
17	모모	3.0
17	빅 픽처	2.0
17	멈추면, 비로소 보이는 것들	4.0
17	우리들의 행복한 시간	4.0
17	오만과 편견	3.0
17	1Q84	5.0
17	어린 왕자	4.0
17	난장이가 쏘아올린 작은 공	1.0
17	아프니까 청춘이다	4.0
17	나무	5.0
17	연금술사	4.5
17	나미야 잡화점의 기적	5.0
17	해리 포터와 마법사의 돌	5.0
17	하이큐!!	0.5
17	도리언 그레이의 초상	2.0
17	노르웨이의 숲	5.0
17	나는 단순하게 살기로 했다	3.5
17	파리대왕	1.0
17	타이밍	1.0
17	마션	4.0
18	제3의 물결	1.5
18	서른 살이 심리학에게 묻다	3.0
18	토지 	4.5
18	묵향	4.5
18	멈추면, 비로소 보이는 것들	5.0
18	칼의 노래	5.0
18	트와일라잇	5.0
18	오만과 편견	3.0
18	용의자 X의 헌신	5.0
18	나무	5.0
18	우리들의 행복한 시간	4.0
18	천사와 악마	5.0
18	해리 포터와 비밀의 방	5.0
18	아프니까 청춘이다	5.0
18	가시고기	5.0
18	어린 왕자	4.0
18	제인 에어 	4.5
18	위대한 개츠비	5.0
18	먼나라 이웃나라	5.0
18	누가 내 치즈를 옮겼을까?	3.5
18	경제학 콘서트	2.5
18	난장이가 쏘아올린 작은 공	5.0
18	성공하는 사람들의 7가지 습관	5.0
18	파브르 곤충기	5.0
18	그 많던 싱아는 누가 다 먹었을까	5.0
18	꽃으로도 때리지 말라	5.0
18	나의 라임 오렌지나무	5.0
18	연탄길	5.0
18	오체 불만족	5.0
18	돈키호테	5.0
18	어린 왕자	5.0
18	마션	5.0
18	해리 포터와 불사조 기사단	5.0
18	앨런 튜링의 이미테이션 게임	5.0
18	어린 왕자	4.5
18	셜록 홈즈 전집 1 : 공포의 계곡	5.0
18	15소년 표류기	4.5
18	빠삐용	4.0
18	어린 왕자	4.0
18	헝거 게임	5.0
18	The Road	5.0
18	해리 포터와 마법사의 돌	5.0
18	반지의 제왕	5.0
18	발명 콘서트	4.0
18	오세암	3.5
18	싸드 THAAD	4.5
18	나의 라임 오렌지 나무	4.0
18	설득의 심리학	4.5
18	습관의 힘	3.0
18	원피스 ONE PIECE	3.0
18	아홉살 인생	3.5
18	나미야 잡화점의 기적	5.0
18	탁류	3.5
18	노란 손수건	4.0
18	창문 넘어 도망친 100세 노인	5.0
18	뉴문	4.5
19	지식 e - 시즌 8	4.0
19	지식 e - 시즌 5	4.5
19	묵향	5.0
19	대한민국 20대, 재테크에 미쳐라	3.0
19	하악하악	3.0
19	개미	3.0
19	연탄길	2.0
19	좋은 기업을 넘어... 위대한 기업으로	3.0
19	한국의 젊은 부자들	3.0
19	화폐전쟁	5.0
19	군주론	4.0
19	은혼	3.0
19	살인자ㅇ난감 -	5.0
19	천 개의 찬란한 태양	5.0
19	헌터x헌터 HunterXHunter	2.5
19	Ho! 1	2.5
19	블리치	1.5
19	헬퍼 Hellper	5.0
19	꽃으로도 때리지 말라	2.5
19	드래곤 라자	5.0
19	요츠바랑!	4.0
19	FBI 행동의 심리학	3.0
19	논리야 놀자	5.0
19	삼국지	5.0
19	진격의 거인	5.0
19	월리를 찾아라! 	5.0
19	만들어진 신	5.0
19	셜록 홈즈 전집 1	3.0
19	이클립스	2.0
19	삼국지	5.0
19	후레자식	3.0
19	더 리더 - 책 읽어주는 남자	2.0
19	원펀맨 One Punch Man	3.0
19	이기적 유전자	2.0
19	드래곤 볼	3.0
19	뇌	2.0
19	어린 왕자	5.0
19	강철의 연금술사	5.0
19	코스모스	5.0
19	선천적 얼간이들	5.0
19	치즈 인 더 트랩	0.5
19	오체 불만족	0.5
19	화성에서 온 남자 금성에서 온 여자	5.0
19	여중생A	3.0
19	정의란 무엇인가	5.0
19	호밀밭의 파수꾼	4.0
19	해리 포터와 죽음의 성물	0.5
19	파피용	2.0
19	해리 포터와 불사조 기사단	1.0
19	데미안	3.0
19	해리 포터와 불의 잔	2.0
19	해리 포터와 아즈카반의 죄수	3.0
19	해리 포터와 혼혈왕자	1.0
19	나의 라임 오렌지나무	2.0
19	나무	4.0
19	연금술사	4.0
19	해리 포터와 비밀의 방	4.0
19	해리 포터와 마법사의 돌	5.0
19	콜드리딩	5.0
19	설득의 심리학 2	4.5
19	1만 시간의 법칙	4.0
19	회사가 당신에게 알려주지 않는 50가지 비밀	4.0
19	설득의 심리학	5.0
19	설득의 심리학	5.0
19	마시멜로 두 번째 이야기	2.0
19	시크릿	3.0
19	마시멜로 이야기	5.0
19	미생	5.0
19	마이클 샌델의 하버드 명강의	5.0
19	대량살상수학무기	5.0
19	후불제 민주주의	2.0
19	88만원 세대	1.0
19	닥치고 정치	5.0
19	달러	5.0
19	렉서스와 올리브나무	3.0
19	자본주의 사용설명서	5.0
19	블록체인 혁명	4.0
19	슈퍼 괴짜경제학	5.0
19	4개의 통장	2.0
19	괴짜경제학	4.0
19	부의 미래	3.5
19	부의 추월차선	5.0
19	EBS 다큐프라임 자본주의	5.0
19	넛지	5.0
19	파인만의 물리학 강의 Volume 2	5.0
19	파인만의 물리학 강의 Volume 1, 양장본	5.0
19	일반물리학	1.0
19	이중나선	2.0
19	E=mc2	4.5
19	엘러건트 유니버스	5.0
19	엔트로피	4.0
19	상대적이며 절대적인 지식의 백과사전	4.0
19	부동산 투자 100문 100답	5.0
19	실전 차트 매매 기법	2.0
19	부자 아빠 가난한 아빠 	5.0
19	The God Delusion	5.0
19	마이크로트렌드	5.0
19	동물농장	5.0
19	1984	5.0
19	프레임	5.0
19	후니의 쉽게 쓴 시스코 네트워킹	5.0
19	모두의 파이썬	1.0
19	CODE 코드 (반양장)	5.0
19	Do it! 점프 투 파이썬	3.0
19	밑바닥부터 시작하는 딥러닝	4.0
19	Java의 정석	2.0
19	윤성우의 열혈 C 프로그래밍	4.0
20	서평 쓰는 법	4.0
20	타짜 1부	4.0
20	실행이 답이다	2.5
20	딥 워크	4.5
20	습관의 재발견	2.5
20	인공지능과 딥러닝	4.0
20	누군가는 거짓말을 하고 있다	4.5
20	굿 라이프	4.0
20	블루 오션 전략 	4.5
20	스펀지 5	5.0
20	쿠로코의 농구	4.5
20	비트코인 현상, 블록체인 2.0	5.0
20	오리엔트 특급 살인	4.0
20	사람, 장소, 환대	5.0
20	그릿 GRIT	5.0
20	비밀의 정원	2.0
20	하룻밤에 읽는 한국사	3.5
20	육일약국 갑시다	5.0
20	죽을 때 후회하는 스물다섯 가지	4.0
20	외모지상주의 1	3.0
20	하버드의 생각수업	5.0
20	내 ID는 강남미인	4.5
20	스물아홉 생일, 1년 후 죽기로 결심했다	5.0
20	파브르 곤충기	4.5
20	방과 후	3.5
20	로미오와 줄리엣	4.0
20	가시고기	3.5
20	연애혁명	4.5
20	마돈나	4.5
20	원펀맨 One Punch Man	5.0
20	원피스 ONE PIECE	5.0
21	사람, 장소, 환대	3.0
21	알렉스 퍼거슨 나의 이야기	3.5
21	나, 건축가 안도 다다오	4.0
21	마시멜로 이야기	4.0
21	이기는 습관	5.0
21	타짜 3부	2.5
21	경영학 콘서트	4.5
21	적을 만들지 않는 대화법	5.0
21	참을 수 없는 존재의 가벼움	5.0
21	이웃 사람	4.5
21	미생	3.5
21	멋진 신세계	4.0
21	소녀의 세계	3.0
21	아픔이 길이 되려면	3.5
21	생각 버리기 연습	3.0
21	방황해도 괜찮아	5.0
21	책은 도끼다	3.0
21	끌리는 사람은 1%가 다르다	3.5
21	영혼을 위한 닭고기 수프 1	3.0
21	눈먼 자들의 도시	4.0
21	하마터면 열심히 살 뻔했다	5.0
21	파과	3.0
21	어디서 살 것인가	4.5
21	나는 단순하게 살기로 했다	5.0
21	마케터의 일	4.5
21	마시멜로 두 번째 이야기	2.5
21	해리 포터와 비밀의 방	5.0
21	Call Me by Your Name	5.0
21	1만권 독서법	2.5
21	Carol	5.0
21	언니의 독설	2.5
21	메모 습관의 힘	3.0
21	죽고 싶지만 떡볶이는 먹고 싶어	5.0
21	1리터의 눈물 마지막 편지	4.5
21	스무살에 알았더라면 좋았을 것들	3.0
21	오늘처럼 내가 싫었던 날은 없다	5.0
21	하루 15분 정리의 힘	2.5
21	예감은 틀리지 않는다	3.0
21	고양이	5.0
21	빠삐용	3.0
21	그릿 GRIT	5.0
21	노르웨이의 숲	3.0
21	나는 고양이로소이다	2.5
21	구해줘	5.0
21	앵무새 죽이기	2.5
21	송곳	2.5
21	해리 포터와 죽음의 성물	2.5
21	네가 어떤 삶을 살든 나는 너를 응원할 것이다	5.0
21	너의 췌장을 먹고 싶어	2.0
21	나의 문화유산답사기 	5.0
21	위대한 개츠비	5.0
21	파라다이스	5.0
21	개미	4.0
21	이클립스	2.0
22	진격의 거인 후회없는 선택	4.0
22	누가 내 치즈를 옮겼을까?	4.5
22	더 파이팅 The Fighting	5.0
22	해리 포터와 불의 잔	4.5
22	아낌없이 주는 나무	4.0
22	나무	4.0
22	사랑손님과 어머니	4.0
22	해리 포터와 아즈카반의 죄수	4.5
22	아홉살 인생	4.0
22	덕혜옹주	4.0
22	후레자식	4.0
22	좀머 씨 이야기	4.0
22	해리 포터와 마법사의 돌	5.0
22	운수 좋은 날 「현진건」	4.0
22	광장/구운몽	4.0
22	운수좋은 날	4.0
22	우리들의 행복한 시간	4.0
22	눈먼 자들의 도시	5.0
22	마시멜로 두 번째 이야기	3.5
22	앵무새 죽이기	4.0
22	식객	4.5
22	캣칭 파이어	4.5
22	헝거 게임	4.5
22	트와일라잇	4.5
22	아프니까 청춘이다	4.5
22	돈키호테	4.0
22	반지의 제왕	5.0
22	오체 불만족	4.5
22	연금술사	4.0
22	선천적 얼간이들	4.5
22	해리 포터와 비밀의 방	5.0
22	편의점 인간	4.0
22	26년	5.0
22	신과 함께 : 저승편	5.0
22	해리 포터와 혼혈왕자	4.5
22	죽은 시인의 사회	5.0
22	은교	4.0
22	개를 훔치는 완벽한 방법	4.0
22	이웃 사람	4.5
22	안네의 일기	4.5
22	마당을 나온 암탉	4.5
22	미 비포 유	4.5
22	너의 이름은.	5.0
22	명탐정 코난	5.0
22	우동 한 그릇	4.5
22	해리 포터와 불사조 기사단	4.0
22	화차	4.0
22	외모지상주의 1	4.0
22	신과 함께 : 신화편	4.5
22	나니아 연대기	4.5
22	남한산성	4.0
22	남과 여 1	4.0
22	트와일라잇	4.5
22	레미제라블	4.5
23	나무	5.0
23	천사와 악마	5.0
23	개미	5.0
23	데미안	5.0
23	아프니까 청춘이다	4.5
23	에고라는 적	4.0
23	7년 후	5.0
23	내 안에서 나를 만드는 것들	5.0
23	완벽한 공부법	5.0
23	지금 우리 학교는	5.0
23	이태원 클라쓰	5.0
23	디지털 포트리스	4.5
23	1시간에 1권 퀀텀 독서법	5.0
23	프레임	5.0
23	혼자 있는 시간의 힘	5.0
23	당신은 겉보기에 노력하고 있을 뿐	5.0
23	어떻게 원하는 것을 얻는가	5.0
23	마지막 강의	5.0
23	독서는 절대 나를 배신하지 않는다	5.0
23	미 비포 유	5.0
23	해리 포터와 불사조 기사단	5.0
23	Me Before You	5.0
23	살아 있는 동안 꼭 해야 할 49가지	3.5
23	해리 포터와 비밀의 방	5.0
23	스무살에 알았더라면 좋았을 것들	5.0
23	구해줘	5.0
23	해리 포터와 혼혈왕자	5.0
23	조명가게	2.0
23	하버드 새벽 4시 반	5.0
23	자존감 수업	5.0
23	그릿 GRIT	5.0
23	세상에 너를 소리쳐!	3.5
23	미생	5.0
23	죽음에 관하여	5.0
23	해리 포터와 마법사의 돌	5.0
23	당신, 거기 있어 줄래요?	5.0
23	남과 여 1	5.0
23	신	5.0
23	용의자 X의 헌신	5.0
23	다 빈치 코드	3.5
23	해리 포터와 아즈카반의 죄수	5.0
23	누가 내 치즈를 옮겼을까?	3.5
23	멈추면, 비로소 보이는 것들	5.0
23	오베라는 남자	3.5
23	여덟 단어	5.0
23	20세기 소년	5.0
23	1cm 첫 번째 이야기	5.0
23	보통의 존재 	3.0
23	나니아 연대기	5.0
23	아홉살 인생	4.0
24	하늘과 바람과 별과 詩	4.0
24	화성에서 온 남자 금성에서 온 여자	3.0
24	이것이 인간인가	4.0
24	폭풍의 언덕	4.0
24	모든 것이 산산이 부서지다	4.0
24	야만인을 기다리며	4.5
24	오셀로	4.0
24	주홍 글자	4.0
24	맥베스	4.0
24	은교	3.5
24	찰리와 초콜릿 공장 	4.5
24	만화로 보는 그리스 로마 신화	4.0
24	지도 밖으로 행군하라	3.5
24	탈무드	4.0
24	먼나라 이웃나라	4.0
24	운수 좋은 날 「현진건」	4.0
24	채식주의자	3.5
24	해리 포터와 혼혈왕자	4.5
24	해리 포터와 마법사의 돌	5.0
24	오체 불만족	4.0
24	그레이의 50가지 그림자	3.5
24	언어의 온도	3.0
24	지적 대화를 위한 넓고 얕은 지식 : 현실 너머 편	4.0
24	EBS 다큐프라임 자본주의	4.0
24	마시멜로 이야기	4.0
24	인간 실격	4.5
24	시민의 교양	4.5
24	눈먼 자들의 도시	4.5
24	파리대왕	4.0
24	노인을 위한 나라는 없다	4.0
24	진중권의 서양미술사 : 모더니즘 편	3.5
24	예루살렘의 아이히만	4.0
24	자유론	4.0
24	클림트	5.0
24	롤리타	4.0
24	해리 포터와 아즈카반의 죄수	4.5
24	파피용	5.0
24	해리 포터와 비밀의 방	4.5
24	연탄길	3.0
24	날개	4.5
24	어린 왕자	5.0
24	위대한 개츠비	5.0
24	해리 포터와 불사조 기사단	4.5
24	해리 포터와 죽음의 성물	4.5
24	해리 포터와 불의 잔	4.5
24	죽은 시인의 사회	4.5
24	삼국지	4.0
24	총 균 쇠	3.5
24	무한동력 1	3.0
24	조명가게	3.0
25	용의자 X의 헌신	4.5
25	월리를 찾아라! 	4.5
25	이클립스	1.5
25	뉴문	1.5
25	햄릿	2.5
25	완득이	2.5
25	명탐정 코난	3.5
25	미생	2.5
25	탈무드	2.0
25	먼나라 이웃나라	2.5
25	당신, 거기 있어 줄래요?	2.0
25	완득이	1.0
25	눈먼 자들의 도시	2.5
25	슬램덩크	4.5
25	향수	2.5
25	해리 포터와 불의 잔	0.5
25	해리 포터와 아즈카반의 죄수	0.5
25	리만 가설	5.0
25	뷰티풀 마인드	4.0
25	미적분학 1+	3.5
25	미분적분학	3.5
25	신은 주사위 놀이를 하지 않는다	2.5
25	슈뢰딩거의 고양이	3.5
25	인터스텔라의 과학	2.5
25	페르마의 마지막 정리	3.5
25	앨런 튜링의 이미테이션 게임	1.5
25	트와일라잇	2.0
25	오만과 편견	2.5
25	용의자 X의 헌신	2.5
25	우리들의 행복한 시간	2.5
25	천사와 악마	2.5
25	해리 포터와 비밀의 방	0.5
25	왜 나는 너를 사랑하는가	3.5
25	다 빈치 코드	1.5
25	정의란 무엇인가	2.5
25	위대한 개츠비	2.5
25	해리 포터와 마법사의 돌	0.5
25	엄마의 말뚝	3.5
25	난장이가 쏘아올린 작은 공	3.5
25	논리야 놀자	3.5
25	연탄길	5.0
25	타짜 2부	5.0
25	1만 시간의 법칙	1.0
25	몬스터	5.0
25	멘사 사고력 퍼즐	3.0
25	마시멜로 이야기	4.0
25	메밀꽃 필 무렵	4.0
25	페르마의 마지막 정리	4.0
25	H2 오리지널	4.0
25	우동 한 그릇	4.0
26	서평 쓰는 법	4.0
26	타짜 1부	4.0
26	실행이 답이다	2.5
26	딥 워크	4.5
26	습관의 재발견	2.5
26	인공지능과 딥러닝	4.0
26	누군가는 거짓말을 하고 있다	4.5
26	굿 라이프	4.0
26	블루 오션 전략 	4.5
26	스펀지 5	5.0
26	쿠로코의 농구	4.5
26	비트코인 현상, 블록체인 2.0	5.0
26	오리엔트 특급 살인	4.0
26	사람, 장소, 환대	5.0
26	그릿 GRIT	5.0
26	비밀의 정원	2.0
26	하룻밤에 읽는 한국사	3.5
26	육일약국 갑시다	5.0
26	죽을 때 후회하는 스물다섯 가지	4.0
26	외모지상주의 1	3.0
26	하버드의 생각수업	5.0
26	내 ID는 강남미인	4.5
26	스물아홉 생일, 1년 후 죽기로 결심했다	5.0
26	파브르 곤충기	4.5
26	방과 후	3.5
26	로미오와 줄리엣	4.0
26	가시고기	3.5
26	연애혁명	4.5
26	마돈나	4.5
26	원펀맨 One Punch Man	5.0
26	원피스 ONE PIECE	5.0
27	오리엔트 특급 살인	3.5
27	마지막 수업	3.0
27	마지막 수업	3.0
27	변신	3.0
27	별	2.5
27	말괄량이 길들이기	2.0
27	살인의 해석	4.0
27	데미안	5.0
27	국화꽃 향기	2.5
27	익숙한 새벽 세시	4.5
27	어디서 살 것인가	2.5
27	끝없는 이야기 1	4.0
27	자전거를 못 타는 아이	4.0
27	눈의 여왕	4.0
27	셜록 홈즈 전집 7 : 셜록 홈즈의 귀환	3.5
27	생각의 지도	3.5
27	셜록 홈즈 전집 1 : 공포의 계곡	3.5
27	셜록 홈즈 전집 4 : 셜록 홈즈의 모험	4.0
27	광란자	3.0
27	대런 섄	2.5
27	시지프 신화	3.0
27	슬럼독 밀리어네어	4.5
27	어린 왕자	5.0
27	생각에 관한 생각	4.0
27	오페라의 유령	3.5
27	쇼퍼홀릭	3.0
27	여중생A	5.0
27	선천적 얼간이들	4.0
27	셜록 홈즈 전집 2 : 배스커빌의 개	3.5
27	씁쓸한 초콜릿	3.5
27	전갈의 아이	3.5
27	한밤중에 개에게 일어난 의문의 사건	3.5
27	신의 놀이	4.0
27	이야기 파라독스	4.5
27	콰이어트 Quiet	3.0
27	구덩이	4.5
27	달콤 쌉싸름한 초콜릿	3.0
27	빨간 머리 앤	4.5
27	삼월은 붉은 구렁을	4.5
27	멋진 징조들	4.0
27	마음을 열어주는 101가지 이야기 1	3.5
27	사립학교 아이들	3.0
27	혼자를 기르는 법	4.5
27	며느라기	5.0
27	하늘 호수로 떠난 여행	2.5
27	인간 실격	3.0
27	생각의 탄생	3.0
27	미생	4.0
27	그랜드 부다페스트 호텔	4.0
27	해리 포터와 불의 잔	3.5
27	에드거 앨런 포 단편선	3.5
27	어린 왕자	5.0
27	중국인 거리 「오정희」	2.5
27	Call Me by Your Name	3.0
27	푸른 수염	1.5
27	카네기 인간관계론	2.5
27	동백꽃 / 봄봄	3.5
27	톰 소여의 모험	3.5
27	죽은 왕녀를 위한 파반느	2.5
27	해리 포터와 죽음의 성물	3.5
27	이상한 나라의 앨리스 (한글판 + 영문판 합본)	4.5
27	나의 라임 오렌지나무	4.5
27	죽은 왕녀를 위한 파반느	2.5
27	주홍 글자	3.0
27	메밀꽃 필 무렵	3.0
27	주홍색 연구	4.0
27	노빈손의 버뮤다 어드벤처	3.0
27	고도를 기다리며	4.0
27	개를 훔치는 완벽한 방법	3.5
27	파리대왕	4.0
27	꺼삐딴 리	3.0
27	영혼을 위한 닭고기 수프 1	3.5
27	정의란 무엇인가	4.5
27	80일간의 세계일주	4.0
27	신과 함께 : 신화편	3.5
27	창가의 토토	4.0
27	봄철 한정 딸기 타르트 사건	3.0
27	자살토끼	2.5
27	어린 왕자	5.0
27	위저드 베이커리	4.0
27	신과 함께 : 저승편	4.5
27	호밀밭의 파수꾼	4.0
27	오세암	3.0
27	죽은 시인의 사회	4.0
27	정재승의 과학 콘서트	3.5
27	다이어터 3 : 건강지속 편	4.0
27	유진과 유진	3.0
27	죽음에 관하여	4.0
27	해리 포터와 아즈카반의 죄수	4.0
27	하리하라의 과학블로그	4.0
27	어린 왕자	5.0
27	꿈꾸는 책들의 도시	3.5
27	키다리 아저씨	4.0
27	모리와 함께한 화요일	2.5
27	시타를 위하여	4.0
27	웃는 남자	3.0
27	유성의 인연	3.0
27	이방인	4.0
27	셜록 홈즈 : 모리어티의 죽음	4.0
27	소피의 세계	4.5
27	완득이	3.5
27	나의 라임 오렌지 나무	4.5
27	데미안	4.5
27	1984	3.5
27	마당을 나온 암탉	2.5
27	어린 왕자	5.0
27	로빈슨 크루소	2.5
27	80일간의 세계 일주	4.0
27	해리 포터와 불사조 기사단	4.0
27	날개	3.5
27	오리엔트 특급살인	4.0
27	봄.봄 「김유정」	3.0
27	다이어터 2 : 운동적응기 편	4.0
27	광수생각	2.0
27	아웃라이어	3.0
27	파이 이야기	4.5
27	우아한 거짓말	4.5
27	위저드 베이커리	4.0
27	변신	4.0
27	해리 포터와 혼혈왕자	4.0
27	난장이가 쏘아올린 작은 공	3.0
27	빨강머리 앤	4.5
27	보통의 존재 	4.0
27	진주 귀고리 소녀	3.0
27	해리 포터와 마법사의 돌	4.0
27	로미오와 줄리엣	3.5
27	리버 보이	4.0
27	아홉살 인생	3.5
27	운수좋은 날	3.0
27	인간 실격	3.0
27	얼굴 빨개지는 아이	4.0
27	낮에 뜨는 달	3.5
27	치즈 인 더 트랩	4.0
27	내 영혼이 따뜻했던 날들	4.0
27	연어	3.5
27	맥베스	3.5
27	다이어터 1 : 식이조절 편	4.0
27	앵무새 죽이기	5.0
27	좋아하면 울리는 1	4.0
27	어서오세요, 305호에!	5.0
28	다 빈치 코드	4.0
28	R까기	3.0
28	어서와 파이썬은 처음이지!	5.0
28	Do it! 점프 투 파이썬	4.0
28	빛의 물리학	2.0
28	음식의 언어	2.0
28	앵무새 죽이기	2.5
28	동물농장	4.0
28	정의란 무엇인가	3.0
28	퍼스트 클래스 승객은 펜을 빌리지 않는다	2.0
28	해리 포터와 아즈카반의 죄수	4.0
28	해리 포터와 마법사의 돌	4.0
28	1만 시간의 법칙	2.0
28	시크릿	1.5
28	스키너의 심리상자 열기	3.0
28	타짜 1부	5.0
28	해리 포터와 죽음의 성물	4.0
28	가면 산장 살인 사건	4.5
28	안나라수마나라	4.5
28	신과 함께 : 신화편	4.0
28	고백	2.5
28	해리 포터와 불의 잔	4.0
28	하이큐!!	3.0
28	미생	3.5
28	소크라테스의 변명	4.5
28	타나토노트	3.5
28	신호와 소음	3.0
28	이기적 유전자	5.0
28	1984	5.0
28	경제학 콘서트	3.5
28	아웃라이어	2.5
28	웃음	3.5
28	강철의 연금술사	5.0
28	설득의 심리학	3.5
28	해리 포터와 불사조 기사단	4.0
28	신	4.5
28	명탐정 코난	3.5
28	용의자 X의 헌신	3.0
28	멘사 사고력 퍼즐	4.0
28	슬램덩크	4.0
29	바보 빅터	3.5
29	2012 마음의 소리 Ver.1	4.0
29	삼미 슈퍼스타즈의 마지막 팬클럽	3.0
29	브레이킹 던	3.5
29	센트럴파크	4.5
29	소설가 구보씨의 일생	3.5
29	스물아홉 생일, 1년 후 죽기로 결심했다	4.5
29	오체 불만족	4.0
29	당신, 거기 있어 줄래요?	4.0
29	어린 왕자	3.5
29	빨강 머리 앤	3.5
29	두근두근 내 인생	4.5
29	빨강머리 앤	3.5
29	뉴문	4.0
29	운수 좋은 날 「현진건」	4.0
29	바깥은 여름	3.5
29	Twilight	4.0
29	덕혜옹주	4.0
29	어린 왕자	4.0
29	누가 내 치즈를 옮겼을까?	3.5
29	운수좋은 날	4.0
29	그놈은 멋있었다	4.0
29	가시고기	4.0
29	아홉살 인생	4.0
29	낢이 사는 이야기	3.5
29	안네의 일기	4.0
29	그대를 사랑합니다	4.5
29	도레미파솔라시도	4.5
29	이클립스	4.0
29	7년 후	4.0
29	구운몽	3.5
29	삼봉이발소	3.0
29	신과 함께 : 신화편	4.0
29	등대지기	3.5
29	오세암	4.0
29	마지막 잎새	3.5
29	유미의 세포들	4.0
29	미움받을 용기	4.0
29	마당을 나온 암탉	3.5
29	도가니	4.5
29	연금술사	4.0
29	엄마를 부탁해	4.0
29	꾸뻬 씨의 행복 여행	3.5
29	트와일라잇	4.0
29	어린 왕자	3.5
29	치즈 인 더 트랩	3.0
29	구해줘	4.0
29	사서함 110호의 우편물	4.5
29	남과 여 1	4.0
29	나미야 잡화점의 기적	4.5
29	난장이가 쏘아올린 작은 공	3.5
30	종이 여자	4.0
30	나루토 Naruto	4.0
30	꾸뻬 씨의 행복 여행	3.5
30	미 비포 유	4.0
30	정의란 무엇인가	3.0
30	나미야 잡화점의 기적	4.0
30	마당을 나온 암탉	3.5
30	미생	4.0
30	멘사 사고력 퍼즐	3.0
30	블리치	4.0
30	난장이가 쏘아올린 작은 공	3.0
30	운수 좋은 날 「현진건」	3.5
30	우리들의 행복한 시간	3.5
30	갈매기의 꿈	3.5
31	탐정학원	3.0
31	데스 노트 Death Note	4.5
31	고스트 바둑왕	4.0
31	낢이 사는 이야기	3.0
31	이끼	3.5
31	닥터 프로스트 7 : 페르소나	3.0
31	신 암행어사 1	3.0
31	눈물을 마시는 새	3.5
31	갓 오브 하이스쿨	3.0
31	슬램덩크 오리지널 박스판 세트 - 전5권	5.0
31	에고라는 적	3.0
31	디셉션 포인트	4.0
31	미스터 초밥왕	4.0
31	냄새를 보는 소녀	3.0
31	이클립스	2.5
31	아홉살 인생	3.0
31	명탐정 코난	4.5
31	셜록 홈즈 : 바스커빌 가문의 개	3.5
31	잠	3.5
31	호빗	4.0
31	2013 마음의 소리 Ver.1	2.5
31	베르베르 독자들이 쓴 나무 2	3.0
31	헬싱	2.0
31	방과 후 전쟁활동	2.0
31	브리 태너	2.5
31	해리 포터와 혼혈왕자	5.0
31	메밀꽃 필 무렵	2.0
31	트와일라잇	2.5
31	바쿠만 BAKUMAN	4.5
31	디지털 포트리스	4.0
31	셜록 홈즈 전집 4 : 셜록 홈즈의 모험	4.0
31	나의 라임 오렌지나무	2.5
31	개미혁명	3.0
31	정재승의 과학 콘서트	3.0
31	헬퍼 Hellper	5.0
31	무빙	3.0
31	왕좌의 게임	5.0
31	공중그네	3.0
31	닥터 프로스트 1 : 텅 빈 남자	3.0
31	파피용	4.0
31	황태자비 납치사건	3.5
31	로스트 심벌	4.0
31	멘사 사고력 퍼즐	3.0
31	뉴문	2.5
31	오리진	4.0
31	인페르노	4.0
31	나니아 연대기	4.0
31	제3인류	4.0
31	파라다이스	4.0
31	2012 마음의 소리 Ver.1	3.0
31	신과 함께 : 저승편	3.0
31	셜록 홈즈 : 주홍색 연구	4.0
31	나무	3.5
31	남과 여 1	4.0
31	천사와 악마	4.0
31	셜록 홈즈 : 모리어티의 죽음	4.0
31	고구려	3.0
31	나의 라임 오렌지 나무	3.0
31	삼국지	5.0
31	안나라수마나라	3.0
31	웃음	3.0
31	브레이킹 던	3.0
31	향수	3.0
31	파페포포 안단테	3.5
31	뇌	4.0
31	20세기 소년	3.0
31	해리 포터와 마법사의 돌	5.0
31	송곳	2.5
31	후레자식	2.5
31	파페포포 다이어리	3.0
31	카산드라의 거울	3.0
31	해리 포터와 아즈카반의 죄수	5.0
31	원펀맨 One Punch Man	4.5
31	타나토노트	4.0
31	문유	2.5
31	셜록 홈즈 전집 1	4.5
31	치즈 인 더 트랩	4.0
31	선천적 얼간이들	4.0
31	빠삐용	4.0
31	해리 포터와 죽음의 성물	5.0
31	나루토 Naruto	4.5
31	목욕의 신	2.0
31	다 빈치 코드	4.0
31	신과 함께 : 이승편	4.0
31	시간을 달리는 소녀	3.0
31	슬램덩크	4.0
31	천사들의 제국	4.0
31	어린 왕자	2.0
31	신	4.0
31	해리 포터와 비밀의 방	5.0
31	트와일라잇	2.5
31	어린 왕자	2.0
31	드래곤 라자	3.0
31	꺼삐딴 리	2.0
31	천년의 금서	2.0
31	운수 좋은 날 「현진건」	2.0
31	봄.봄 「김유정」	2.0
31	삼봉이발소	2.0
31	걸리버 여행기	2.0
31	어린 왕자	3.0
31	개미	4.0
31	드래곤 볼	5.0
31	신과 함께 : 신화편	3.0
31	용의자 X의 헌신	3.0
31	원피스 ONE PIECE	5.0
31	먼나라 이웃나라	3.0
31	모리와 함께한 화요일	3.0
31	죽음에 관하여	3.0
32	정의란 무엇인가	3.0
32	조선왕조실톡	3.0
32	식객	2.5
32	안나라수마나라	3.5
32	여중생A	2.5
32	자살토끼	2.5
32	동백꽃 / 봄봄	3.0
32	짬	2.5
32	하악하악	2.5
32	마스터 키튼	1.0
32	연금술사	3.5
32	닥터 노구찌	3.0
32	세계대전 Z	2.0
32	운수 좋은 날	2.5
32	나루토 Naruto	2.5
32	DP 개의 날	2.0
32	달빛 조각사	2.0
32	엄마, 일단 가고봅시다!	4.0
32	먼나라 이웃나라	3.0
32	유희왕	3.0
32	다 빈치 코드	3.0
32	위대한 게임 위대한 기획자	3.5
32	게임 기획자되기	2.5
32	게임회사 이야기	4.0
32	도박묵시록 카이지	3.0
32	데미안	3.0
32	벤자민 버튼의 시간은 거꾸로 간다	2.5
32	광수생각	3.0
32	끝없는 이야기 1	3.5
32	날개 : 이상 소설전집	3.5
32	강철의 연금술사	3.5
32	북유럽 신화	3.5
32	브이 포 벤데타	4.5
32	신과 함께 : 저승편	4.0
32	파피용	2.5
32	해리 포터와 마법사의 돌	3.0
32	신과 함께 : 신화편	3.5
32	스티브 잡스	2.5
32	완득이	3.0
32	죽음에 관하여	4.0
32	샤먼킹	1.5
32	너의 이름은.	4.0
32	마지막 잎새	2.5
32	원펀맨 One Punch Man	4.0
32	실질객관동화	3.5
32	이말년 씨리즈	3.5
32	고우영 三國志	4.0
32	삼봉이발소	4.0
32	서울 시 2	3.5
32	돌격! 남자훈련소	2.5
32	무한동력 1	4.5
32	설민석의 무도 한국사 특강	4.0
32	박시백의 조선왕조실록 1	4.0
32	아프니까 청춘이다	0.5
32	구운몽	3.0
32	창문 넘어 도망친 100세 노인	3.0
32	다크 메이지	2.5
32	눈먼 자들의 도시	3.5
32	서울 시	3.0
32	습지생태보고서	3.5
32	스타크래프트 진화	4.0
32	하얀 늑대들	3.5
32	영어 천재가 된 홍 대리	3.0
32	양영순의 천일야화	4.0
32	맨발의 겐	5.0
32	반지의 제왕	5.0
32	일지매	4.0
32	나는 둔감하게 살기로 했다	0.5
32	대학일기	3.5
32	시크릿	2.5
32	덴마 Denma	4.5
32	화폐전쟁	0.5
32	마시멜로 세 번째 이야기	3.5
32	창가의 토토	2.5
32	해리 포터와 저주받은 아이 (스페셜 리허설 에디션 대본)	3.5
32	타짜 1부	4.0
32	걸리버 여행기	3.5
32	연탄길	3.5
32	로스트 심벌	4.5
32	십시일反	4.0
32	슬램덩크	4.0
32	어린 왕자	4.0
32	마시멜로 이야기	3.5
32	나니아 연대기	4.5
32	1984	4.0
32	마시멜로 두 번째 이야기	3.5
32	오세암	2.5
32	개미	3.5
32	나무	4.0
32	오발탄	2.5
32	바리데기	2.0
32	해리 포터와 불사조 기사단	4.0
32	코믹 메이플 스토리 오프라인 RPG	0.5
32	엄마, 결국은 해피엔딩이야!	4.5
32	종이 여자	4.0
32	천사와 악마	4.5
32	신	4.0
32	모모	4.5
32	만화로 보는 그리스 로마 신화	4.0
32	해리 포터와 죽음의 성물	4.5
33	그리스인 조르바 - 전2권 (한글판 + 영문판)	4.0
33	남쪽으로 튀어!	3.0
33	도가니	2.5
33	연금술사	2.0
33	왜 나는 너를 사랑하는가	1.0
33	경제학 콘서트	3.0
33	괴짜경제학	3.0
33	구글 신은 모든 것을 알고 있다	3.0
33	토지	4.0
33	버리고 갈 것만 남아서 참 홀가분하다	3.0
33	댈러웨이 부인	3.5
33	냉정과 열정사이 Blu	2.5
33	냉정과 열정사이 Rosso	2.5
33	여자라면 힐러리처럼	1.5
33	계층이동의 사다리	3.0
33	이렇게 맛있고 멋진 채식이라면	3.0
33	무엇이 우리를 무능하게 만드는가	2.0
33	부의 미래	3.5
33	셈을 할 줄 아는 까막눈이 여자	3.0
33	나는 더 이상 당신의 가족이 아니다	2.5
33	알고리즘, 인생을 계산하다	2.5
33	경제학자의 영광과 패배	3.0
33	시크릿	0.5
33	유엔미래보고서 2040	1.5
33	이기적 유전자	3.0
33	내 옆에 있는 사람	1.5
33	나는 즐라탄이다	0.5
33	1984	3.5
33	미국은 동아시아를 어떻게 지배했나	3.0
33	MB의 비용	3.5
33	피케티, 어떻게 읽을 것인가	3.5
33	사회학의 책	2.0
33	수레바퀴 아래서	3.0
33	게으름에 대한 찬양	3.0
33	당신도 전쟁을 알아야 한다	2.5
33	사랑의 기술	3.5
33	더티 라이프	1.5
33	만들어진 신	3.0
33	그들의 눈은 신을 보고 있었다	3.0
33	케빈에 대하여	2.0
33	성공하는 사람들의 7가지 습관	0.5
33	88만원 세대	2.5
33	국가의 사기	2.5
33	코스모스	5.0
33	저녁 무렵에 면도하기	2.5
33	군주론	2.0
33	난장이가 쏘아올린 작은 공	3.0
33	원미동 사람들	3.0
33	한국이 싫어서	3.0
33	내가 골드만삭스를 떠난 이유	3.0
33	EBS 다큐프라임 자본주의	2.5
33	데이터 분석 전문가 가이드 [ADP] [ADsP]	2.5
33	개발학 강의	2.5
33	생각에 관한 생각	3.5
33	자기만의 방	3.5
33	자기만의 방	3.5
33	노르웨이의 숲	3.5
33	채소의 기분, 바다표범의 키스	3.0
33	재즈의 초상	3.0
33	성장, 그 새빨간 거짓말	3.5
33	지적 대화를 위한 넓고 얕은 지식 : 현실 세계 편	2.0
33	사피엔스	3.5
33	왜 서양이 지배하는가	3.5
33	살인자의 기억법	3.0
33	미쉬킨의 화폐와 금융	3.0
33	21세기 자본	4.0
33	자기 앞의 생	3.5
33	공공성	3.0
33	불안	3.5
33	경제학은 어떻게 과학을 움직이는가	3.5
33	스물아홉 생일, 1년 후 죽기로 결심했다	2.0
33	정의란 무엇인가	3.5
33	가난한 사람이 더 합리적이다	3.5
33	총 균 쇠	3.5
33	국가는 왜 실패하는가	3.5
33	진주 귀고리 소녀	3.0
33	이방인	4.0
33	칼의 노래	3.5
33	인형의 집	4.0
33	미움받을 용기	2.0
33	참을 수 없는 존재의 가벼움	4.5
33	창문 넘어 도망친 100세 노인	3.0
33	달과 6펜스	4.0
33	데미안	4.0
33	파리대왕	4.0
33	위대한 개츠비	4.5
33	강신주의 감정수업	3.0
33	개미	2.0
33	누가 내 치즈를 옮겼을까?	3.0
33	인간 실격	4.0
33	멈추면, 비로소 보이는 것들	1.0
33	동물농장	4.0
33	자존감 수업	1.5
33	나무	2.5
33	오만과 편견	4.0
33	월리를 찾아라! 	1.0
33	엄마를 부탁해	2.0
33	다 빈치 코드	2.0
33	하버드 새벽 4시 반	1.0
34	천년의 금서	4.0
34	광장/구운몽	0.5
34	정글만리	3.0
34	고래	3.0
34	하악하악	4.0
34	도가니	2.0
34	채식주의자	3.5
34	살인자의 기억법	2.5
34	안나 카레니나	3.0
34	아홉살 인생	4.0
34	누가 내 치즈를 옮겼을까?	3.0
34	어메이징 스파이더맨	2.5
34	우선순위 영단어	3.0
34	80일간의 세계일주	2.0
34	위대한 개츠비	2.5
34	드림 레시피	3.5
34	커피우유와 소보로빵	3.0
34	감자	2.5
34	오체 불만족	3.0
34	신	2.0
34	의천도룡기	4.0
34	배트맨 : 다크 나이트 리턴즈	3.5
34	완득이	2.5
34	벽으로 드나드는 남자	3.0
34	오세암	2.5
34	멈추면, 비로소 보이는 것들	1.5
34	아낌없이 주는 나무 외	4.5
34	당신, 거기 있어 줄래요?	2.5
34	위저드 베이커리	2.0
34	데일 카네기 자기관리론	3.0
34	이지성의 꿈꾸는 다락방	3.5
34	꿈꾸는 다락방	3.5
34	진주 귀고리 소녀	2.5
34	셜록 홈즈 전집 1 : 공포의 계곡	3.5
34	달빛 조각사	1.5
34	머니볼	3.5
34	아Q정전	3.5
34	애거서 크리스티 전집 (완전판)	2.5
34	냉정과 열정사이 Blu	2.0
34	멈추면, 비로소 보이는 것들	3.0
34	향수	3.0
34	연인	2.0
34	등대지기	1.0
34	토지 	0.5
34	파페포포 메모리즈	5.0
34	1cm+ 일 센티 플러스	1.0
34	원피스 ONE PIECE	4.0
34	윤성우의 열혈 C 프로그래밍	2.5
34	1984	2.5
34	김미경의 드림 온(Dream On)	2.5
34	미생	3.5
34	당신은 겉보기에 노력하고 있을 뿐	3.0
34	곰돌이 푸, 행복한 일은 매일 있어	3.5
34	해리 포터와 아즈카반의 죄수	5.0
34	파페포포 레인보우	5.0
34	정의란 무엇인가	4.0
34	다이어터 3 : 건강지속 편	4.0
34	운수좋은 날	4.0
34	덕혜옹주	3.0
34	좋아하면 울리는 1	4.5
34	Me Before You	4.0
34	우리들의 행복한 시간	3.0
34	난장이가 쏘아올린 작은 공	0.5
34	대학일기	5.0
34	봄.봄 「김유정」	3.0
34	셰익스피어 4대 비극	2.0
34	가시고기	3.0
34	성공하는 사람들의 7가지 습관	4.5
34	우동 한 그릇	3.5
34	다이어터 1 : 식이조절 편	5.0
34	엄마를 부탁해	3.0
34	파페포포 안단테	5.0
34	아낌없이 주는 나무	4.0
34	해리 포터와 불사조 기사단	5.0
34	어린 왕자	4.0
34	나의 라임 오렌지나무	3.5
34	인생 수업	3.5
34	리딩으로 리드하라	3.5
34	규장각 각신들의 나날	3.0
34	연어	3.5
34	늑대의 유혹	2.0
34	80일간의 세계 일주	2.5
34	해리 포터와 마법사의 돌	5.0
34	어린 왕자	4.0
34	반지의 제왕	4.0
34	이클립스	2.5
34	원미동 사람들	2.5
34	치즈 인 더 트랩	4.0
34	메밀꽃 필 무렵	3.0
34	해리 포터와 혼혈왕자	5.0
34	걸리버 여행기	3.0
34	덕혜옹주	2.0
34	나니아 연대기	4.0
34	아프니까 청춘이다	3.0
34	탈무드	4.0
34	해리 포터와 죽음의 성물	5.0
34	너에게 닿기를	4.0
34	먼나라 이웃나라	3.0
34	군주론	1.5
34	은밀하게 위대하게	3.5
34	봉순이 언니	3.0
34	내 심장을 쏴라	3.5
34	블리치	2.5
34	해리 포터와 저주받은 아이 (스페셜 리허설 에디션 대본)	4.5
34	칼의 노래	4.0
34	다이어터 2 : 운동적응기 편	4.0
34	꾸뻬 씨의 행복 여행	3.0
34	지적 대화를 위한 넓고 얕은 지식 : 현실 세계 편	1.5
34	죽은 왕녀를 위한 파반느	3.0
34	너의 이름은.	2.5
35	법 앞에서	4.0
35	시골의사	5.0
35	베니스의 상인	4.0
35	호밀밭의 파수꾼	4.5
35	대지	4.5
35	이성과 감성	5.0
35	참을 수 없는 존재의 가벼움	4.0
35	목걸이	4.0
35	졸업	4.5
35	고도를 기다리며	3.5
35	수레바퀴 아래서	4.5
35	먹고 기도하고 사랑하라	3.0
35	너새니얼 호손 단편선	4.5
35	오이대왕	4.0
35	이방인	5.0
35	나미야 잡화점의 기적	3.0
35	하치 이야기	4.5
35	위대한 개츠비	5.0
35	파리의 심리학 카페	4.0
35	백년의 고독	5.0
35	이중섭 1916-1956 편지와 그림들	4.5
35	엠마	4.0
35	부활	4.5
35	좁은 문	3.5
35	로빈슨 크루소	4.0
35	바람과 함께 사라지다	5.0
35	나목	4.0
35	뿌리	4.0
35	모파상 단편선	4.0
35	마담 보바리	4.0
35	여행의 기술	3.5
35	은하수를 여행하는 히치하이커를 위한 안내서	4.0
35	사진의 이해	4.0
35	루머의 루머의 루머	4.0
35	적과 흑	5.0
35	분노의 포도	5.0
35	꼬마 니콜라의 빨간 풍선	4.0
35	주홍 글자	4.5
35	변신	5.0
35	무기여 잘 있어라	4.0
35	벨아미	4.0
35	한여름 밤의 꿈	5.0
35	뻐꾸기 둥지 위로 날아간 새	5.0
35	인형의 집	4.0
35	프랑켄슈타인	5.0
35	댈러웨이 부인	5.0
35	데미안	5.0
35	앵무새 죽이기	5.0
35	레미제라블	4.5
35	소송	4.5
35	노트르담 드 파리	5.0
35	비밀의 화원	4.0
35	톰 아저씨의 오두막	4.0
35	젊은 베르테르의 슬픔	4.0
35	전락	4.0
35	80일간의 세계 일주	3.5
35	실버라이닝 플레이북	4.0
35	독일인의 사랑	4.0
35	낭만적 연애와 그 후의 일상	3.5
35	브리짓 존스의 일기	4.0
35	향수	4.0
35	세 갈래 길	4.0
35	빈에서는 인생이 아름다워진다	3.5
35	죽은 시인의 사회	4.0
35	월든	4.0
35	어린 왕자	4.5
35	빨간 머리 앤	4.0
35	앨저넌에게 꽃을	4.0
35	우동 한 그릇	3.0
35	바람의 딸 걸어서 지구 세바퀴 반	1.0
35	정의란 무엇인가	3.5
35	무진기행	1.5
35	악마는 프라다를 입는다	2.5
35	캉디드 혹은 낙관주의	4.5
35	세상의 끝에 내가 있다	5.0
35	노르웨이의 숲	1.0
35	1984	4.5
35	레밍 딜레마	4.0
35	마키아벨리	4.0
35	영혼을 위한 닭고기 수프	4.0
35	오리엔트 특급 살인	4.5
35	셰이프 오브 워터	4.0
35	죽은 시인의 사회	4.0
35	5초의 법칙	4.5
35	파리 대왕	4.0
35	멋진 신세계	4.0
35	제인 에어	4.0
35	그리고 아무도 없었다	4.0
35	신경 끄기의 기술	4.5
35	기획자의 습관	4.0
35	천 개의 찬란한 태양	4.5
