encore1	완득이	4.0
encore1	스물아홉 생일, 1년 후 죽기로 결심했다	5.0
encore1	청소부 밥	5.0
encore1	말의 품격	5.0
encore1	예감은 틀리지 않는다	4.0
encore1	무소유	3.5
encore1	미생	5.0
encore1	코스모스	1.5
encore1	Me Before You	5.0
encore1	Harry Potter and the Cursed Child - Parts One and Two	5.0
encore1	창문 넘어 도망친 100세 노인 (큰글자판)	5.0
encore1	어느 날 내가 죽었습니다	4.0
encore1	어디선가 나를 찾는 전화벨이 울리고	5.0
encore1	모멘트	4.0
encore1	은밀하게 위대하게	4.0
encore1	안네의 일기	4.0
encore1	신과 함께 : 이승편	5.0
encore1	원미동 사람들	4.0
encore1	사랑손님과 어머니	3.0
encore1	화차	5.0
encore1	해리 포터와 비밀의 방	5.0
encore1	소설가 구보씨의 일일	4.0
encore1	그리고 아무도 없었다	3.0
encore1	종의 기원	2.0
encore1	뇌	3.0
encore1	빨간 머리 앤	4.0
encore1	이방인	3.5
encore1	식객	5.0
encore1	어린 왕자	3.5
encore1	어린 왕자	3.5
encore1	죽음에 관하여	5.0
encore1	셜록 홈즈 : 모리어티의 죽음	5.0
encore1	1Q84	3.0
encore1	메이즈 러너	4.0
encore1	나의 라임 오렌지나무	4.0
encore1	해리 포터와 불사조 기사단	5.0
encore1	구운몽	3.0
encore1	신과 함께 : 저승편	4.5
encore1	서울, 1964년 겨울	4.0
encore1	정의란 무엇인가	2.0
encore1	나무	5.0
encore1	오발탄	3.0
encore1	오페라의 유령	4.5
encore1	파라다이스	3.0
encore1	정글만리	2.5
encore1	80일간의 세계일주	5.0
encore1	해를 품은 달	2.5
encore1	죽은 왕녀를 위한 파반느	5.0
encore1	보통의 존재 	4.0
encore1	향수	2.5
encore1	목욕의 신	5.0
encore1	얼굴 빨개지는 아이	3.0
encore1	어린 왕자	4.0
encore1	난장이가 쏘아올린 작은 공	3.5
encore1	시간을 달리는 소녀	5.0
encore1	마션	4.0
encore1	완득이	3.5
encore1	창가의 토토	5.0
encore1	천사와 악마	4.5
encore1	남과 여 1	3.0
encore2	가장 빨리 만나는 도커 Docker	3.0
encore2	2017 시나공 정보처리기사 필기 + 별책부록(기출문제집)	3.0
encore2	뇌	5.0
encore2	밀실살인게임	3.5
encore2	미생	3.0
encore2	오렌지 마말레이드	2.0
encore2	정재승의 과학 콘서트	4.0
encore2	마지막 잎새	4.0
encore2	1cm 첫 번째 이야기	4.0
encore2	데스 노트 Death Note	5.0
encore2	셜록 홈즈 전집 1	5.0
encore2	셜록 홈즈 : 모리어티의 죽음	5.0
encore2	하치 이야기	4.0
encore2	늑대의 유혹	5.0
encore2	타이밍	4.0
encore2	그리고 아무도 없었다	4.0
encore2	여탕보고서	4.0
encore2	죽은 시인의 사회	3.0
encore2	치즈 인 더 트랩	4.0
encore2	어린 왕자	5.0
encore2	해리 포터와 혼혈왕자	5.0
encore2	뇌	4.0
encore2	신과 함께 : 저승편	5.0
encore2	대학일기	5.0
encore2	후레자식	3.0
encore2	어린 왕자	4.0
encore2	어린 왕자	4.0
encore2	죽음에 관하여	5.0
encore2	다이어터 1 : 식이조절 편	5.0
encore2	화차	3.0
encore2	앵무새 죽이기	5.0
encore2	나무	5.0
encore2	개미	5.0
encore2	원미동 사람들	4.0
encore2	아프니까 청춘이다	4.0
encore2	가시고기	4.0
encore2	봉순이 언니	3.0
encore2	몽실 언니	3.0
encore2	신과 함께 : 신화편	4.0
encore2	용의자 X의 헌신	4.0
encore2	명탐정 코난	5.0
encore2	아홉살 인생	3.0
encore2	송곳	3.5
encore2	해리 포터와 아즈카반의 죄수	5.0
encore2	등대지기	4.0
encore2	해리 포터와 불의 잔	5.0
encore2	어린 왕자	4.0
encore2	쥐	5.0
encore2	개밥바라기별	4.0
encore2	해리 포터와 비밀의 방	5.0
encore2	미스터 초밥왕	4.0
encore2	조명가게	3.0
encore2	삼미 슈퍼스타즈의 마지막 팬클럽	3.0
encore2	소나기	3.0
encore2	나의 라임 오렌지 나무	4.0
encore2	해리 포터와 저주받은 아이 (스페셜 리허설 에디션 대본)	5.0
encore2	광장/구운몽	4.0
encore2	하이큐!!	3.0
encore2	눈먼 자들의 도시	3.0
encore2	유미의 세포들	5.0
encore2	셜록 홈즈 : 주홍색 연구	5.0
encore2	나의 라임 오렌지나무	5.0
encore2	정글만리	3.0
encore2	선천적 얼간이들	4.0
encore2	모리와 함께한 화요일	4.0
encore2	그리고 아무도 없었다	5.0
encore2	해리 포터와 마법사의 돌	5.0
encore2	식객	4.0
encore2	토지	3.0
encore2	드래곤 볼	3.0
encore2	제3인류	4.0
encore2	20세기 소년	5.0
encore2	다이어터 2 : 운동적응기 편	4.0
encore3	통섭의 식탁	4.0
encore3	죽음이란 무엇인가	3.5
encore3	어떻게 살 것인가	3.5
encore3	미움받을 용기	3.5
encore3	아프니까 청춘이다	4.0
encore3	정의란 무엇인가	4.0
encore3	경제학 콘서트	4.0
encore3	지적 대화를 위한 넓고 얕은 지식 : 현실 세계 편	4.0
encore3	지적 대화를 위한 넓고 얕은 지식 : 현실 너머 편	4.0
encore3	1Q84	5.0
encore3	그리고 아무도 없었다	4.5
encore3	파피용	4.5
encore3	빠삐용	4.5
encore3	제3인류	4.0
encore3	연금술사	4.0
encore3	사랑하기 때문에	4.0
encore3	만들어진 신	4.0
encore3	정재승의 과학 콘서트	4.0
encore3	Do it! 쉽게 배우는 R 데이터 분석	3.0
encore3	Do it! 점프 투 파이썬	3.5
encore3	Java의 정석	4.0
encore3	당신은 겉보기에 노력하고 있을 뿐	3.5
encore3	마시멜로 세 번째 이야기	3.0
encore3	선물	4.0
encore3	어떻게 원하는 것을 얻는가	3.5
encore3	이기는 습관	4.0
encore3	성공하는 사람들의 7가지 습관	3.5
encore3	마시멜로 이야기	3.5
encore3	콘텐츠의 미래	3.5
encore3	소음과 투자	3.0
encore3	빅 숏 Big Short	3.5
encore3	신호와 소음	3.0
encore3	나는 세계 일주로 자본주의를 만났다	3.0
encore3	경영학 콘서트	3.0
encore3	화폐전쟁	4.0
encore3	나는 세계 일주로 경제를 배웠다	3.5
encore3	클라우스 슈밥의 제4차 산업혁명	3.0
encore3	화폐전쟁	4.5
encore3	넛지	4.0
encore3	그리고 아무도 없었다	4.0
encore3	완벽한 공부법	4.5
encore3	너의 이름은.	3.0
encore3	후레자식	3.0
encore3	냉정과 열정사이 Rosso	4.5
encore3	마시멜로 두 번째 이야기	4.0
encore3	나는 정말 너를 사랑하는 걸까?	3.0
encore3	해리 포터와 아즈카반의 죄수	3.5
encore3	당신, 거기 있어 줄래요?	4.5
encore3	1cm+ 일 센티 플러스	3.5
encore3	천사의 부름	4.5
encore3	연탄길	3.0
encore3	톨스토이 단편선	3.0
encore3	해리 포터와 불사조 기사단	4.0
encore3	냉정과 열정사이 Blu	4.0
encore3	파페포포 다이어리	3.0
encore3	나무	4.0
encore3	해리 포터와 혼혈왕자	4.0
encore3	너의 췌장을 먹고 싶어	3.5
encore3	야생초 편지	3.5
encore3	해리 포터와 죽음의 성물	4.0
encore3	종이 여자	4.0
encore3	색채가 없는 다자키 쓰쿠루와 그가 순례를 떠난 해	4.0
encore3	어린 왕자	3.5
encore3	고백	4.0
encore4	웃음	3.0
encore4	블록체인 구조와 이론	3.0
encore4	왕좌의 게임	2.5
encore4	청바지 돌려 입기	3.0
encore4	죽은 시인의 사회	3.0
encore4	뇌	3.0
encore4	어린 왕자	3.0
encore4	아낌없이 주는 나무	3.0
encore4	우동 한 그릇	2.0
encore4	신	3.0
encore4	도가니	2.5
encore4	오만과 편견	2.5
encore4	1Q84	3.5
encore4	난장이가 쏘아올린 작은 공	2.5
encore4	개미	3.0
encore4	2015 시나공 정보처리산업기사 필기	3.0
encore4	C로 배우는 쉬운 자료구조	2.5
encore4	Do it! HTML5 + CSS3 웹 표준의 정석	3.0
encore4	Java의 정석	2.5
encore4	Do it! 안드로이드 앱 프로그래밍	3.0
encore4	Java의 정석	2.5
encore4	열혈강의 C 프로그래밍	2.5
encore4	데이터베이스 기초와 실습 : 액세스 2007	2.5
encore4	윤성우의 열혈 C 프로그래밍	2.5
encore4	적을 만들지 않는 대화법	1.5
encore4	마시멜로 이야기	2.5
encore4	심플하게 산다	2.0
encore4	파페포포 다이어리	2.5
encore4	연어	3.0
encore4	파피용	4.0
encore4	연애혁명	1.5
encore5	살인자의 기억법	3.0
encore5	무소유	4.5
encore5	그리고 아무도 없었다	4.0
encore5	오리엔트 특급살인	3.5
encore5	가면 산장 살인 사건	4.0
encore5	너의 췌장을 먹고 싶어	4.0
encore5	오페라의 유령	3.5
encore5	난장이가 쏘아올린 작은 공	4.0
encore5	남한산성	4.5
encore5	냉정과 열정사이 Rosso	4.0
encore5	슬램덩크	5.0
encore5	덕혜옹주	4.0
encore5	군주론	4.0
encore5	냉정과 열정사이 Blu	4.0
encore5	설민석의 조선왕조실록	4.0
encore5	베니스의 상인	4.0
encore6	웃음	5.0
encore6	플랜더스의 개	5.0
encore6	나의 라임 오렌지나무	5.0
encore6	허클베리 핀의 모험	5.0
encore6	나무	5.0
encore6	자기 앞의 생	5.0
encore6	악마는 프라다를 입는다	5.0
encore6	가장 빨리 만나는 도커 Docker	5.0
encore6	파이썬을 이용한 머신러닝, 딥러닝 실전 개발 입문	5.0
encore6	모두의 파이썬	5.0
encore6	2017 시나공 정보처리기사 필기 + 별책부록(기출문제집)	5.0
encore6	밑바닥부터 시작하는 딥러닝	5.0
encore6	무량수전 배흘림기둥에 기대서서	4.5
encore6	거꾸로 읽는 세계사	5.0
encore6	글자전쟁	5.0
encore6	누가 내 치즈를 옮겼을까?	5.0
encore6	오페라의 유령	4.5
encore6	빨간 머리 앤	5.0
encore6	정의란 무엇인가	5.0
encore6	미움받을 용기	5.0
encore6	트와일라잇	5.0
encore6	미생	5.0
encore6	아버지들의 아버지	5.0
encore6	어린 왕자	4.5
encore6	80일간의 세계일주	5.0
encore6	신과 함께 : 이승편	4.5
encore6	남한산성	5.0
encore6	치즈 인 더 트랩	5.0
encore6	도리언 그레이의 초상	4.0
encore6	호밀밭의 파수꾼	4.0
encore7	대한민국사 - 전3권	4.5
encore7	대한민국사	4.5
encore7	나의 한국현대사	4.5
encore7	고통의 문제 (보급판 문고본)	5.0
encore7	하나님의 대사	4.5
encore7	지성에서 영성으로	4.0
encore7	순전한 기독교	4.5
encore7	긍정의 힘	3.0
encore7	순전한 기독교 	4.5
encore7	목적이 이끄는 삶	4.5
encore7	내려놓음	4.0
encore7	스크루테이프의 편지 	5.0
encore7	신호와 소음	5.0
encore7	거래의 기술	4.0
encore7	축적의 길	5.0
encore7	The Secret	3.5
encore7	화폐전쟁	5.0
encore7	딥 워크	4.0
encore7	디케의 눈	4.0
encore7	차나왕 요시츠네	5.0
encore7	이기는 습관 1	3.5
encore7	삼국지 경영학	3.5
encore7	오리지널스	5.0
encore7	자기 통제의 승부사 사마의	4.0
encore7	한국의 젊은 부자들	3.0
encore7	직장인을 위한 긍정의 힘 성공편	3.0
encore7	생각하는 미친놈	3.5
encore7	상상하지 말라	4.0
encore7	대한민국사 2	4.0
encore7	보랏빛 소가 온다	4.0
encore7	기획의 정석 실전편	4.0
encore7	블록체인 혁명	4.0
encore7	레버리지	3.5
encore7	디지로그 digilog	3.5
encore7	제로 투 원	4.5
encore7	초격차	4.0
encore7	완벽한 공부법	3.5
encore7	비트코인 현상, 블록체인 2.0	4.0
encore7	죽은 경제학자의 살아있는 아이디어	4.5
encore7	설득의 논리학	4.0
encore7	한국 자본주의	3.5
encore7	포지셔닝	4.0
encore7	원칙 Principles	5.0
encore7	딜리버링 해피니스	4.0
encore7	일본전산 이야기	4.0
encore7	화폐전쟁	5.0
encore7	넛지	4.0
encore7	디지로그 digilog	4.0
encore7	다윗과 골리앗	4.0
encore7	골든아워	4.0
encore7	부의 미래	5.0
encore7	블루 오션 전략 	4.0
encore7	대통령의 말하기	4.0
encore7	혼.창.통	4.0
encore7	왜 일하는가	5.0
encore7	어떻게 원하는 것을 얻는가	5.0
encore7	코스모스	4.5
encore7	수레바퀴 아래서	4.0
encore7	나는 고양이로소이다	4.0
encore7	인생 수업	4.0
encore7	카라마조프 가의 형제들	5.0
encore7	나니아 연대기	5.0
encore7	냉정과 열정사이 Rosso	4.0
encore8	다 빈치 코드	1.0
encore8	모랫말 아이들	2.0
encore8	가방 들어주는 아이	5.0
encore8	파브르 곤충기	1.0
encore8	역사를 바꾼 17가지 화학 이야기	5.0
encore8	소설가 구보씨의 일일	2.0
encore8	사랑손님과 어머니	5.0
encore8	종의 기원	5.0
encore8	몽실 언니	5.0
encore8	원미동 사람들	5.0
encore8	우리들의 일그러진 영웅	4.0
encore8	정의란 무엇인가	5.0
encore8	왜 세계의 절반은 굶주리는가?	4.0
encore8	생각 버리기 연습	5.0
encore8	적을 만들지 않는 대화법	5.0
encore8	스무살에 알았더라면 좋았을 것들	5.0
encore8	성공하는 사람들의 7가지 습관	5.0
encore8	습관의 힘	4.0
encore8	배려	3.0
encore8	누가 내 치즈를 옮겼을까?	5.0
encore8	언어천재 조승연의 이야기 인문학	5.0
encore8	어떻게 죽을 것인가	3.0
encore8	국가	3.0
encore8	상대적이며 절대적인 지식의 백과사전 1	5.0
encore8	그리스 로마 신화	5.0
encore8	북유럽 신화	5.0
encore8	국가란 무엇인가	4.0
encore8	사피엔스	4.0
encore8	정의란 무엇인가	5.0
encore8	직장인이여 회계하라	5.0
encore8	경제 상식사전 (별책 : 알짜! 경제용어 300선)	5.0
encore8	유엔미래보고서 2025	4.0
encore8	멈추면, 비로소 보이는 것들	5.0
encore8	완벽하지 않은 것들에 대한 사랑	5.0
encore8	모리와 함께한 화요일	3.0
encore8	아프니까 청춘이다	5.0
encore8	멈추면, 비로소 보이는 것들	5.0
encore8	오체 불만족	5.0
encore8	탈무드	1.0
encore8	엄마의 말뚝	3.0
encore8	셰익스피어 4대 비극	5.0
encore8	돈키호테	1.0
encore8	연어	5.0
encore8	오세암	5.0
encore8	흑설공주 이야기	2.0
encore8	메밀꽃 필 무렵	2.5
encore8	걸리버 여행기	4.0
encore8	구운몽	3.5
encore8	바리데기	1.0
encore8	백설공주에게 죽음을	0.5
encore8	젊은 베르테르의 슬픔	0.5
encore8	소나기	3.0
encore8	아낌없이 주는 나무	5.0
encore8	노인과 바다	1.0
encore8	안네의 일기	1.0
encore8	우리들의 행복한 시간	2.0
encore8	향수	3.0
encore8	해리 포터와 죽음의 성물	5.0
encore8	해리 포터와 불사조 기사단	5.0
encore8	해리 포터와 불의 잔	5.0
encore8	해리 포터와 아즈카반의 죄수	5.0
encore8	가시고기	3.0
encore8	어린 왕자	1.0
encore8	엄마를 부탁해	4.0
encore8	해리 포터와 혼혈왕자	5.0
encore8	해리 포터와 비밀의 방	5.0
encore8	해리 포터와 마법사의 돌	5.0
encore8	마시멜로 두 번째 이야기	1.5
encore8	종의 기원	5.0
encore8	죽고 싶지만 떡볶이는 먹고 싶어	5.0
encore8	나의 라임 오렌지 나무	3.0
encore9	무소유	2.5
encore9	그건, 사랑이었네	4.5
encore9	봉순이 언니	4.0
encore9	한비야의 중국견문록	4.5
encore9	지도 밖으로 행군하라	4.5
encore9	난장이가 쏘아올린 작은 공	4.0
encore9	성공하는 사람들의 7가지 습관	4.5
encore9	오체 불만족	3.0
encore9	캣칭 파이어	4.0
encore9	미 비포 유	3.5
encore9	운수 좋은 날 「현진건」	3.0
encore9	참을 수 없는 존재의 가벼움	3.0
encore9	우리들의 일그러진 영웅	3.0
encore9	향수	3.0
encore9	가시고기	3.0
encore9	메이즈 러너	5.0
encore9	날개	4.0
encore9	몽실 언니	3.0
encore9	마음의 소리	3.5
encore9	낢이 사는 이야기	3.5
encore9	조명가게	4.0
encore9	외모지상주의 1	2.5
encore9	아파트	3.5
encore9	진격의 거인	4.5
encore9	이웃 사람	4.0
encore9	나루토 Naruto	4.0
encore9	완득이	3.0
encore9	사랑손님과 어머니	3.0
encore9	드래곤 볼	4.0
encore9	구운몽	3.5
encore9	헝거 게임	5.0
encore9	강철의 연금술사	3.0
encore9	데스 노트 Death Note	4.5
encore9	원미동 사람들	3.5
encore9	어린 왕자	3.0
encore9	신과 함께 : 신화편	5.0
encore9	완득이	3.5
encore9	빅 픽처	5.0
encore9	신과 함께 : 이승편	5.0
encore9	눈먼 자들의 도시	4.5
encore9	죽음에 관하여	5.0
encore9	슬램덩크	5.0
encore9	우리들의 행복한 시간	4.0
encore9	신과 함께 : 저승편	5.0
encore9	아프니까 청춘이다	4.5
encore9	어린 왕자	3.0
encore9	나무	2.5
encore9	어린 왕자	3.0
encore9	나의 라임 오렌지나무	3.0
encore9	위대한 개츠비	3.5
encore9	봄.봄 「김유정」	3.0
encore9	해리 포터와 죽음의 성물	3.0
encore9	명탐정 코난	4.0
encore9	원피스 ONE PIECE	4.0
encore10	조선왕조실톡	5.0
encore10	반지의 제왕	3.5
encore10	로마인 이야기 	1.0
encore10	어린 왕자	4.0
encore10	20대, 공부에 미쳐라	3.0
encore10	파브르 곤충기	2.5
encore10	이상한 나라의 앨리스	4.0
encore10	메밀꽃 필 무렵	3.0
encore10	무소유	5.0
encore10	남과 여 1	5.0
encore10	죄와 벌	4.0
encore10	진격의 거인	5.0
encore10	운수좋은 날	4.0
encore10	후레자식	3.5
encore10	나니아 연대기	2.0
encore10	마지막 잎새	4.5
encore10	베니스의 상인	3.0
encore10	수학귀신	4.0
encore10	찰리와 초콜릿 공장 	5.0
encore10	드래곤 볼	5.0
encore10	죽은 시인의 사회	5.0
encore10	지도 밖으로 행군하라	1.0
encore10	헝거 게임	4.5
encore10	어린 왕자	4.0
encore10	데스 노트 Death Note	4.5
encore10	지적 대화를 위한 넓고 얕은 지식 : 현실 세계 편	5.0
encore10	선천적 얼간이들	5.0
encore10	마시멜로 두 번째 이야기	2.0
encore10	신과 함께 : 신화편	2.0
encore10	우리들의 일그러진 영웅	5.0
encore10	죽음에 관하여	5.0
encore10	신과 함께 : 저승편	5.0
encore10	살인자의 기억법	4.0
encore10	해리 포터와 불사조 기사단	3.0
encore10	해리 포터와 불의 잔	5.0
encore10	해리 포터와 아즈카반의 죄수	5.0
encore10	나의 라임 오렌지나무	5.0
encore10	마시멜로 이야기	5.0
encore10	해리 포터와 비밀의 방	5.0
encore10	해리 포터와 마법사의 돌	4.5
encore10	미적분학 2+	4.5
encore10	박경미의 수학 콘서트	5.0
encore10	미적분학 1+	4.5
encore10	파인만의 물리학 강의 Volume 1, 양장본	5.0
encore10	괴짜물리학	5.0
encore10	구글 신은 모든 것을 알고 있다	5.0
encore10	서민의 기생충 열전	3.0
encore10	칼 세이건의 말	4.0
encore10	인체 완전판	5.0
encore10	해리포터 사이언스	5.0
encore10	발명 콘서트	5.0
encore10	이중나선	3.5
encore10	모든 순간의 물리학	5.0
encore10	페르마의 마지막 정리	5.0
encore10	빛의 물리학	5.0
encore10	앨런 튜링의 이미테이션 게임	4.5
encore10	연쇄살인범 파일	4.5
encore10	파인만의 여섯가지 물리 이야기	4.0
encore10	멘사 시각 퍼즐	5.0
encore10	리처드 파인만	5.0
encore10	추리력 퍼즐	3.0
encore10	과학혁명의 구조	3.0
encore10	종의 기원	5.0
encore10	페르마의 마지막 정리	5.0
encore10	파인만 씨, 농담도 잘하시네!	5.0
encore10	정재승의 과학 콘서트	5.0
encore10	선대인의 빅픽처	4.0
encore10	부자언니 부자연습	4.0
encore10	2018 인구 절벽이 온다	3.5
encore10	1인 가구 돈 관리	4.5
encore10	똑똑한 사람들의 멍청한 선택	4.0
encore10	에어비앤비 스토리	4.0
encore10	마케팅 천재가 된 맥스	3.5
encore10	빅 숏 Big Short	3.0
encore10	90일 완성 돈 버는 평생 습관	3.0
encore10	스타트업 바이블	3.0
encore10	거의 모든 IT의 역사	3.5
encore10	전설로 떠나는 월가의 영웅 (2017 최신개정판)	4.0
encore10	세계미래보고서 2050	3.0
encore10	깨진 유리창 법칙	5.0
encore10	컬처 코드	4.0
encore10	더 골 The Goal	4.0
encore10	엘론 머스크, 대담한 도전	3.0
encore10	2017 대한민국 트렌드	5.0
encore10	아날로그의 반격	3.5
encore10	빅데이터, 경영을 바꾸다	4.0
encore10	한국의 젊은 부자들	3.0
encore10	화폐전쟁	4.0
encore10	화폐전쟁	4.0
encore10	EBS 다큐프라임 자본주의	2.5
encore10	넛지	2.5
encore10	트렌드 코리아 2016	5.0
encore10	철학 콘서트 1	4.0
encore10	스키너의 심리상자 열기	5.0
encore10	차라투스트라는 이렇게 말했다	4.0
encore10	먼나라 이웃나라	4.0
encore11	멋진 신세계	4.0
encore11	걸 온 더 트레인	3.0
encore11	12가지 인생의 법칙	3.5
encore11	13 Reasons Why	4.0
encore11	생각하지 않는 사람들	2.5
encore11	이것이 자바다	4.0
encore11	모두의 파이썬	2.0
encore11	하버드 마지막 강의	2.5
encore11	유튜브의 신	3.5
encore11	원씽 The One Thing	3.5
encore11	하루 15분 정리의 힘	2.0
encore11	스무살에 알았더라면 좋았을 것들	3.0
encore11	80일간의 세계 일주	3.5
encore11	파우스트	2.0
encore11	지킬 박사와 하이드	3.0
encore11	마틸다 (반양장)	3.5
encore11	화차	4.0
encore11	붉은 손가락	3.0
encore11	연애혁명	3.5
encore11	폭풍의 언덕	3.5
encore11	이클립스	3.5
encore11	규장각 각신들의 나날	4.0
encore11	뉴문	3.5
encore11	브레이킹 던	4.0
encore11	헝거 게임	3.0
encore11	명탐정 코난	2.5
encore11	강철의 연금술사	3.5
encore11	지적 대화를 위한 넓고 얕은 지식 : 현실 세계 편	3.0
encore11	노인과 바다	3.0
encore11	구해줘	3.5
encore11	성균관 유생들의 나날	3.5
encore11	해리 포터와 죽음의 성물	3.5
encore11	파피용	4.0
encore11	해리 포터와 불의 잔	3.0
encore11	해리 포터와 혼혈왕자	3.0
encore11	나의 라임 오렌지나무	3.0
encore11	마시멜로 이야기	2.5
encore11	해리 포터와 마법사의 돌	3.0
encore11	삼국지	4.0
encore11	묵향	3.0
encore11	오만과 편견	4.0
encore11	연금술사	2.5
encore11	앵무새 죽이기	3.5
encore11	동물농장	3.0
encore11	해리 포터와 비밀의 방	3.0
encore11	다 빈치 코드	3.0
encore11	정의란 무엇인가	3.0
encore11	원미동 사람들	3.0
encore11	난장이가 쏘아올린 작은 공	3.0
encore11	채식주의자	4.0
encore11	달빛 조각사	3.0
encore11	해변의 카프카	3.5
encore11	색채가 없는 다자키 쓰쿠루와 그가 순례를 떠난 해	3.0
encore11	1Q84	4.5
encore11	노르웨이의 숲	4.0
encore11	데미안	3.0
encore11	애프터 유	1.5
encore11	시간 여행자의 아내 1	4.5
encore11	이반 데니소비치, 수용소의 하루	3.5
encore11	눈뜬 자들의 도시	2.0
encore11	모멘트	2.5
encore11	빠삐용	3.5
encore11	로빈슨 크루소	3.0
encore11	천사의 부름	2.5
encore11	80일간의 세계일주	3.0
encore11	렛미인	3.0
encore11	용의자 X의 헌신	3.0
encore11	The Martian	4.0
encore11	The Hunger Games	3.0
encore11	미스터 초밥왕	3.0
encore11	드래곤 라자	3.0
encore11	멋진 신세계	4.0
encore11	천 개의 찬란한 태양	4.0
encore11	해리 포터와 아즈카반의 죄수	3.0
encore11	Twilight	3.5
encore11	하마터면 열심히 살 뻔했다	4.0
encore11	모비 딕 -	3.0
encore11	나미야 잡화점의 기적	4.0
encore11	자살토끼	2.5
encore11	먼나라 이웃나라	3.0
encore11	죽을 때 후회하는 스물다섯 가지	3.0
encore11	변신	3.5
encore11	어린 왕자	3.5
encore11	26년	3.0
encore11	해리 포터와 불사조 기사단	3.0
encore11	1984	3.5
encore11	신	4.0
encore11	아웃라이어	3.0
encore11	정글만리	3.0
encore11	오베라는 남자	3.5
encore11	나는 고양이로소이다	2.5
encore11	캣칭 파이어	3.0
encore11	미생	4.0
encore11	리버 보이	2.5
encore11	창문 넘어 도망친 100세 노인	3.5
encore11	지적 대화를 위한 넓고 얕은 지식 : 현실 너머 편	2.5
encore11	살인자의 기억법	3.5
encore11	미 비포 유	4.0
encore11	이방인	3.5
encore11	군주론	3.0
encore11	모킹제이	2.5
encore12	책은 도끼다	4.5
encore12	다시, 책은 도끼다	4.5
encore12	종이 여자	4.0
encore12	칼의 노래	4.5
encore12	국가란 무엇인가	4.5
encore12	여덟 단어	5.0
encore12	지상의 노래	4.5
encore12	언어의 온도	5.0
encore12	그해, 여름 손님	4.5
encore12	1984	4.5
encore12	시크릿	4.0
encore12	종의 기원	4.0
encore12	기사단장 죽이기	4.5
encore12	고도를 기다리며	4.5
encore12	말의 품격	5.0
encore12	안네의 일기	4.0
encore12	나무	4.0
encore12	리버 보이	5.0
encore12	비행운	5.0
encore12	신	5.0
encore12	총 균 쇠	4.5
encore12	운수좋은 날	4.5
encore12	카라마조프 가의 형제들	5.0
encore12	백설공주에게 죽음을	4.5
encore12	바리데기	5.0
encore12	토지	4.5
encore12	아웃라이어	3.0
encore12	바깥은 여름	5.0
encore12	당신, 거기 있어 줄래요?	4.5
encore12	도가니	5.0
encore12	제3인류	4.5
encore12	모랫말 아이들	4.0
encore12	무진기행	5.0
encore12	칼의 노래	4.5
encore12	그리스인 조르바	4.5
encore12	보통의 존재 	5.0
encore12	28	4.5
encore12	사랑의 기술	3.0
encore12	해리 포터와 아즈카반의 죄수	5.0
encore12	냉정과 열정사이 Blu	4.5
encore12	죽은 시인의 사회	4.0
encore12	나의 라임 오렌지나무	5.0
encore12	1Q84	5.0
encore12	여자 없는 남자들	5.0
encore12	베니스의 상인	5.0
encore12	어린 왕자	5.0
encore12	완득이	4.5
encore12	개미	5.0
encore12	개밥바라기별	5.0
encore12	돈키호테	4.5
encore12	무진기행 「김승옥」	5.0
encore12	오베라는 남자	4.5
encore12	어린 왕자	4.5
encore12	나미야 잡화점의 기적	4.5
encore12	위대한 개츠비	4.5
encore12	흰	4.0
encore12	우리에겐 언어가 필요하다	3.0
encore12	우아한 거짓말	3.0
encore12	살인자의 기억법	4.0
encore12	나의 문화유산답사기 	4.5
encore12	지적 대화를 위한 넓고 얕은 지식 : 현실 너머 편	4.5
encore13	마스터 키튼	5.0
encore13	젊은 예술가의 초상	4.0
encore13	사람은 무엇으로 사는가	5.0
encore13	체 게바라 평전	3.5
encore13	북유럽 신화	3.5
encore13	향연	4.0
encore13	백년 동안의 고독	4.5
encore13	차라투스트라는 이렇게 말했다	3.5
encore13	무기여 잘 있어라	3.0
encore13	어린 왕자	4.0
encore13	오이디푸스 왕	4.0
encore13	파이 이야기	3.0
encore13	신곡 - 지옥편	4.5
encore13	이방인	5.0
encore13	정의란 무엇인가	4.0
encore13	나의 문화유산답사기 	3.0
encore13	도구와 기계의 원리 Now	4.0
encore13	벌거벗은 통계학	4.5
encore13	기탄잘리	4.5
encore13	악의 꽃	4.5
encore13	역사 ⓔ 2	3.0
encore13	러셀 서양철학사	3.5
encore13	아내를 모자로 착각한 남자	4.5
encore13	레미제라블	3.5
encore13	도리언 그레이의 초상	4.0
encore13	원숭이도 이해하는 자본론	3.0
encore13	만화로 보는 그리스 로마 신화	4.0
encore13	사가판 어류도감	4.0
encore13	시크릿	0.5
encore13	군주론	5.0
encore13	손자병법	5.0
encore13	맹자	3.5
encore13	알키비아데스	5.0
encore13	살인자의 건강법	3.5
encore13	장미의 이름	5.0
encore13	허클베리 핀의 모험	4.0
encore13	1984	4.5
encore13	수학의 언어로 세상을 본다면	3.5
encore13	틀리지 않는 법	4.0
encore13	그들이 말하지 않는 23가지	3.5
encore13	생각에 관한 생각	5.0
encore13	사기 열전	5.0
encore13	서양미술사	4.0
encore13	동물농장	4.5
encore13	맥베스	5.0
encore13	주홍색 연구	3.5
encore13	도리언 그레이의 초상	3.5
encore13	돈으로 살 수 없는 것들	4.0
encore13	죽음이란 무엇인가	4.0
encore13	괴델, 에셔, 바흐	4.0
encore13	도덕경	4.5
encore13	논어	4.5
encore13	플라톤 향연	5.0
encore13	크리톤	5.0
encore13	소크라테스의 변명	5.0
encore13	파이돈	5.0
encore13	호모 데우스	5.0
encore13	사피엔스	5.0
encore13	파인만 씨, 농담도 잘하시네!	4.0
encore13	적의 화장법	2.5
encore13	삼국지	3.5
encore13	어린 왕자	4.0
encore13	나의 라임 오렌지 나무	3.5
encore13	야생초 편지	3.0
encore13	월든	3.0
encore13	쥐	4.0
encore13	강철의 연금술사	4.5
encore13	안네의 일기	3.0
encore13	변신	5.0
encore13	멋진 신세계	3.5
encore13	파리대왕	5.0
encore14	엘론 머스크, 대담한 도전	5.0
encore14	인간 실격	5.0
encore14	몰입	3.0
encore14	나는 왜 이 일을 하는가?	3.0
encore14	내가 알고 있는 걸 당신도 알게 된다면	5.0
encore14	4차 산업혁명 시대, 전문직의 미래	4.0
encore14	신경 끄기의 기술	5.0
encore14	이기는 습관	4.0
encore14	빅데이터, 경영을 바꾸다	5.0
encore14	스물아홉 생일, 1년 후 죽기로 결심했다	5.0
encore14	회계 천재가 된 홍대리 2 : 수익성 개선 편	4.0
encore14	심플하게 산다	5.0
encore14	우리는 마약을 모른다	3.0
encore14	1만 시간의 법칙	4.0
encore14	클라우스 슈밥의 제4차 산업혁명	4.0
encore14	노는 만큼 성공한다	4.0
encore14	심플하게 산다 2	5.0
encore14	힐빌리의 노래	3.5
encore14	2017 대한민국 트렌드	3.0
encore14	마지막 강의	2.5
encore14	하버드의 생각수업	4.0
encore14	이케아, 불편을 팔다	3.0
encore14	어떻게 원하는 것을 얻는가	5.0
encore14	The Hunger Games	4.0
encore14	꿈의 해석	5.0
encore14	곰돌이 푸, 행복한 일은 매일 있어	3.0
encore14	너의 췌장을 먹고 싶어	1.0
encore14	넛지	1.5
encore14	미생	4.5
encore14	천 번을 흔들려야 어른이 된다	1.0
encore15	다른 사람	5.0
encore15	어른이 되어 더 큰 혼란이 시작되었다	4.0
encore15	라틴어 수업	3.5
encore15	금의 나라 물의 나라	4.0
encore15	비즈니스를 위한 데이터 과학	4.0
encore15	아침 바나나 다이어트	3.5
encore15	셈을 할 줄 아는 까막눈이 여자	5.0
encore15	아웃라이어	4.5
encore15	부자의 집사	3.5
encore15	악어 프로젝트	4.5
encore15	스페인어 초급에서 중급으로	5.0
encore15	필리버스터	5.0
encore15	내 마음의 낯섦	4.5
encore15	옵션 B	5.0
encore15	지성에서 영성으로	4.0
encore15	축소 지향의 일본인	4.0
encore15	미움받을 용기	4.0
encore15	달리기를 말할 때 내가 하고 싶은 이야기	3.5
encore15	산티아고 가는 길 : 카미노 데 산티아고	4.0
encore15	골드만삭스를 신고 차이나를 걷는 여자	5.0
encore15	목적이 이끄는 삶	4.0
encore15	하나님의 대사 2	4.0
encore15	백악관을 기도실로 만든 대통령 링컨 (반양장)	4.0
encore15	닉 부이치치의 허그(HUG)	4.0
encore15	긍정의 힘	4.0
encore15	내 이름은 빨강	4.0
encore15	잘못은 우리 별에 있어	4.0
encore15	제3인류	3.5
encore15	진주 귀고리 소녀	4.0
encore15	르몽드 세계사	4.5
encore15	하룻밤에 읽는 세계사 1	4.0
encore15	Java의 정석	3.5
encore15	1日1食	3.5
encore15	두나's 서울놀이	3.0
encore15	미학 오디세이	3.0
encore15	나는 왜 너를 사랑하는가	4.0
encore15	지도 밖으로 행군하라	4.0
encore15	어린 왕자	4.0
encore15	무진기행	4.5
encore15	이갈리아의 딸들	5.0
encore15	설국	4.0
encore15	천사와 악마	4.0
encore15	창문 넘어 도망친 100세 노인	4.0
encore15	채식주의자	5.0
encore15	1만 시간 동안의 남미	5.0
encore15	클로즈업 오사카	4.0
encore15	스페인, 너는 자유다	3.0
encore15	한비야의 중국견문록	5.0
encore15	현대 사회학	4.0
encore15	백래시	5.0
encore15	여혐민국	5.0
encore15	Lean In 린 인	4.0
encore15	행복한 이기주의자	5.0
encore15	괴짜경제학	5.0
encore15	나는 세계 일주로 경제를 배웠다	5.0
encore15	트렌드 코리아 2017	4.0
encore15	변신	4.5
encore15	냉정과 열정사이 Rosso	4.0
encore15	냉정과 열정사이 Blu	4.0
encore15	오체 불만족	3.0
encore15	시크릿	3.5
encore15	신과 함께 : 신화편	4.5
encore15	신과 함께 : 이승편	4.0
encore15	누가 내 치즈를 옮겼을까?	3.0
encore15	신	4.0
encore15	향수	5.0
encore15	그리고 아무도 없었다	4.0
encore15	노르웨이의 숲	4.0
encore15	1984	5.0
encore15	파피용	5.0
encore15	아프니까 청춘이다	3.5
encore15	가시고기	4.0
encore15	다 빈치 코드	4.0
encore15	해리 포터와 혼혈왕자	4.0
encore15	나무	5.0
encore15	연금술사	4.0
encore15	해리 포터와 비밀의 방	4.0
encore15	해리 포터와 마법사의 돌	4.0
encore15	어떻게 원하는 것을 얻는가	4.0
encore15	김 비서가 왜 그럴까	4.0
encore15	넛지	4.0
encore15	괴짜 경제학 (개정증보판)	5.0
encore15	숨결이 바람 될 때	5.0
encore16	리어 왕	4.0
encore16	이성과 감성	4.5
encore16	엠마	4.0
encore16	제국의 위안부	2.5
encore16	상상의 공동체	4.5
encore16	페르세폴리스	5.0
encore16	카프카 단편집	4.0
encore16	대위의 딸	4.5
encore16	폭풍의 언덕	4.5
encore16	죽음이란 무엇인가	4.5
encore16	값싼 중국의 종말	4.0
encore16	오리엔탈리즘	3.5
encore16	사랑하라 한번도 상처받지 않은 것처럼	4.5
encore16	왜 세계의 절반은 굶주리는가?	5.0
encore16	노르웨이의 숲	5.0
encore16	구해줘	5.0
encore16	꾸뻬 씨의 행복 여행	5.0
encore16	베로니카, 죽기로 결심하다	4.0
encore16	위대한 개츠비	5.0
encore16	세상의 중심에서 사랑을 외치다	4.0
encore16	호밀밭의 파수꾼	5.0
encore16	향수	4.0
encore16	정의란 무엇인가	5.0
encore17	곰돌이 푸, 행복한 일은 매일 있어	3.5
encore17	무신론자를 위한 종교	4.0
encore17	행복의 건축	4.0
encore17	모든 관계는 말투에서 시작된다	3.5
encore17	나는 생각이 너무 많아	4.0
encore17	참을 수 없는 존재의 가벼움	3.0
encore17	딸에 대하여	2.0
encore17	공지영의 수도원 기행 	4.0
encore17	혼자만 잘 살믄 무슨 재민겨	4.0
encore17	나는 왜 작은 일에만 분개하는가	4.0
encore17	공부하다 죽어라	0.5
encore17	지도 밖으로 행군하라	4.0
encore17	미라클 모닝	4.0
encore17	신경 끄기의 기술	1.0
encore17	혼자 있는 시간의 힘	5.0
encore17	무코다 이발소	2.0
encore17	예감은 틀리지 않는다	5.0
encore17	마지막 패리시 부인	3.0
encore17	해변의 카프카	4.0
encore17	향수	1.0
encore17	당신, 거기 있어 줄래요?	2.0
encore17	세상에 너를 소리쳐!	0.5
encore17	불륜	5.0
encore17	내일	4.0
encore17	자기 앞의 생	5.0
encore17	네가 어떤 삶을 살든 나는 너를 응원할 것이다	5.0
encore17	꽃들에게 희망을	5.0
encore17	이갈리아의 딸들	1.0
encore17	자살토끼	2.0
encore17	종이 여자	5.0
encore17	두근두근 내 인생	5.0
encore17	사랑하라 한번도 상처받지 않은 것처럼	4.0
encore17	자존감 수업	4.0
encore17	지적 대화를 위한 넓고 얕은 지식 : 현실 세계 편	3.5
encore17	왜 나는 너를 사랑하는가	0.5
encore17	오베라는 남자	1.5
encore17	지적 대화를 위한 넓고 얕은 지식 : 현실 너머 편	4.0
encore17	모모	3.0
encore17	빅 픽처	2.0
encore17	멈추면, 비로소 보이는 것들	4.0
encore17	우리들의 행복한 시간	4.0
encore17	오만과 편견	3.0
encore17	1Q84	5.0
encore17	어린 왕자	4.0
encore17	난장이가 쏘아올린 작은 공	1.0
encore17	아프니까 청춘이다	4.0
encore17	나무	5.0
encore17	연금술사	4.5
encore17	나미야 잡화점의 기적	5.0
encore17	해리 포터와 마법사의 돌	5.0
encore17	하이큐!!	0.5
encore17	도리언 그레이의 초상	2.0
encore17	노르웨이의 숲	5.0
encore17	나는 단순하게 살기로 했다	3.5
encore17	파리대왕	1.0
encore17	타이밍	1.0
encore17	마션	4.0
encore18	제3의 물결	1.5
encore18	서른 살이 심리학에게 묻다	3.0
encore18	토지 	4.5
encore18	묵향	4.5
encore18	멈추면, 비로소 보이는 것들	5.0
encore18	칼의 노래	5.0
encore18	트와일라잇	5.0
encore18	오만과 편견	3.0
encore18	용의자 X의 헌신	5.0
encore18	나무	5.0
encore18	우리들의 행복한 시간	4.0
encore18	천사와 악마	5.0
encore18	해리 포터와 비밀의 방	5.0
encore18	아프니까 청춘이다	5.0
encore18	가시고기	5.0
encore18	어린 왕자	4.0
encore18	제인 에어 	4.5
encore18	위대한 개츠비	5.0
encore18	먼나라 이웃나라	5.0
encore18	누가 내 치즈를 옮겼을까?	3.5
encore18	경제학 콘서트	2.5
encore18	난장이가 쏘아올린 작은 공	5.0
encore18	성공하는 사람들의 7가지 습관	5.0
encore18	파브르 곤충기	5.0
encore18	그 많던 싱아는 누가 다 먹었을까	5.0
encore18	꽃으로도 때리지 말라	5.0
encore18	나의 라임 오렌지나무	5.0
encore18	연탄길	5.0
encore18	오체 불만족	5.0
encore18	돈키호테	5.0
encore18	어린 왕자	5.0
encore18	마션	5.0
encore18	해리 포터와 불사조 기사단	5.0
encore18	앨런 튜링의 이미테이션 게임	5.0
encore18	어린 왕자	4.5
encore18	셜록 홈즈 전집 1 : 공포의 계곡	5.0
encore18	15소년 표류기	4.5
encore18	빠삐용	4.0
encore18	어린 왕자	4.0
encore18	헝거 게임	5.0
encore18	The Road	5.0
encore18	해리 포터와 마법사의 돌	5.0
encore18	반지의 제왕	5.0
encore18	발명 콘서트	4.0
encore18	오세암	3.5
encore18	싸드 THAAD	4.5
encore18	나의 라임 오렌지 나무	4.0
encore18	설득의 심리학	4.5
encore18	습관의 힘	3.0
encore18	원피스 ONE PIECE	3.0
encore18	아홉살 인생	3.5
encore18	나미야 잡화점의 기적	5.0
encore18	탁류	3.5
encore18	노란 손수건	4.0
encore18	창문 넘어 도망친 100세 노인	5.0
encore18	뉴문	4.5
encore19	지식 e - 시즌 8	4.0
encore19	지식 e - 시즌 5	4.5
encore19	묵향	5.0
encore19	대한민국 20대, 재테크에 미쳐라	3.0
encore19	하악하악	3.0
encore19	개미	3.0
encore19	연탄길	2.0
encore19	좋은 기업을 넘어... 위대한 기업으로	3.0
encore19	한국의 젊은 부자들	3.0
encore19	화폐전쟁	5.0
encore19	군주론	4.0
encore19	은혼	3.0
encore19	살인자ㅇ난감 -	5.0
encore19	천 개의 찬란한 태양	5.0
encore19	헌터x헌터 HunterXHunter	2.5
encore19	Ho! 1	2.5
encore19	블리치	1.5
encore19	헬퍼 Hellper	5.0
encore19	꽃으로도 때리지 말라	2.5
encore19	드래곤 라자	5.0
encore19	요츠바랑!	4.0
encore19	FBI 행동의 심리학	3.0
encore19	논리야 놀자	5.0
encore19	삼국지	5.0
encore19	진격의 거인	5.0
encore19	월리를 찾아라! 	5.0
encore19	만들어진 신	5.0
encore19	셜록 홈즈 전집 1	3.0
encore19	이클립스	2.0
encore19	삼국지	5.0
encore19	후레자식	3.0
encore19	더 리더 - 책 읽어주는 남자	2.0
encore19	원펀맨 One Punch Man	3.0
encore19	이기적 유전자	2.0
encore19	드래곤 볼	3.0
encore19	뇌	2.0
encore19	어린 왕자	5.0
encore19	강철의 연금술사	5.0
encore19	코스모스	5.0
encore19	선천적 얼간이들	5.0
encore19	치즈 인 더 트랩	0.5
encore19	오체 불만족	0.5
encore19	화성에서 온 남자 금성에서 온 여자	5.0
encore19	여중생A	3.0
encore19	정의란 무엇인가	5.0
encore19	호밀밭의 파수꾼	4.0
encore19	해리 포터와 죽음의 성물	0.5
encore19	파피용	2.0
encore19	해리 포터와 불사조 기사단	1.0
encore19	데미안	3.0
encore19	해리 포터와 불의 잔	2.0
encore19	해리 포터와 아즈카반의 죄수	3.0
encore19	해리 포터와 혼혈왕자	1.0
encore19	나의 라임 오렌지나무	2.0
encore19	나무	4.0
encore19	연금술사	4.0
encore19	해리 포터와 비밀의 방	4.0
encore19	해리 포터와 마법사의 돌	5.0
encore19	콜드리딩	5.0
encore19	설득의 심리학 2	4.5
encore19	1만 시간의 법칙	4.0
encore19	회사가 당신에게 알려주지 않는 50가지 비밀	4.0
encore19	설득의 심리학	5.0
encore19	설득의 심리학	5.0
encore19	마시멜로 두 번째 이야기	2.0
encore19	시크릿	3.0
encore19	마시멜로 이야기	5.0
encore19	미생	5.0
encore19	마이클 샌델의 하버드 명강의	5.0
encore19	대량살상수학무기	5.0
encore19	후불제 민주주의	2.0
encore19	88만원 세대	1.0
encore19	닥치고 정치	5.0
encore19	달러	5.0
encore19	렉서스와 올리브나무	3.0
encore19	자본주의 사용설명서	5.0
encore19	블록체인 혁명	4.0
encore19	슈퍼 괴짜경제학	5.0
encore19	4개의 통장	2.0
encore19	괴짜경제학	4.0
encore19	부의 미래	3.5
encore19	부의 추월차선	5.0
encore19	EBS 다큐프라임 자본주의	5.0
encore19	넛지	5.0
encore19	파인만의 물리학 강의 Volume 2	5.0
encore19	파인만의 물리학 강의 Volume 1, 양장본	5.0
encore19	일반물리학	1.0
encore19	이중나선	2.0
encore19	E=mc2	4.5
encore19	엘러건트 유니버스	5.0
encore19	엔트로피	4.0
encore19	상대적이며 절대적인 지식의 백과사전	4.0
encore19	부동산 투자 100문 100답	5.0
encore19	실전 차트 매매 기법	2.0
encore19	부자 아빠 가난한 아빠 	5.0
encore19	The God Delusion	5.0
encore19	마이크로트렌드	5.0
encore19	동물농장	5.0
encore19	1984	5.0
encore19	프레임	5.0
encore19	후니의 쉽게 쓴 시스코 네트워킹	5.0
encore19	모두의 파이썬	1.0
encore19	CODE 코드 (반양장)	5.0
encore19	Do it! 점프 투 파이썬	3.0
encore19	밑바닥부터 시작하는 딥러닝	4.0
encore19	Java의 정석	2.0
encore19	윤성우의 열혈 C 프로그래밍	4.0
encore20	서평 쓰는 법	4.0
encore20	타짜 1부	4.0
encore20	실행이 답이다	2.5
encore20	딥 워크	4.5
encore20	습관의 재발견	2.5
encore20	인공지능과 딥러닝	4.0
encore20	누군가는 거짓말을 하고 있다	4.5
encore20	굿 라이프	4.0
encore20	블루 오션 전략 	4.5
encore20	스펀지 5	5.0
encore20	쿠로코의 농구	4.5
encore20	비트코인 현상, 블록체인 2.0	5.0
encore20	오리엔트 특급 살인	4.0
encore20	사람, 장소, 환대	5.0
encore20	그릿 GRIT	5.0
encore20	비밀의 정원	2.0
encore20	하룻밤에 읽는 한국사	3.5
encore20	육일약국 갑시다	5.0
encore20	죽을 때 후회하는 스물다섯 가지	4.0
encore20	외모지상주의 1	3.0
encore20	하버드의 생각수업	5.0
encore20	내 ID는 강남미인	4.5
encore20	스물아홉 생일, 1년 후 죽기로 결심했다	5.0
encore20	파브르 곤충기	4.5
encore20	방과 후	3.5
encore20	로미오와 줄리엣	4.0
encore20	가시고기	3.5
encore20	연애혁명	4.5
encore20	마돈나	4.5
encore20	원펀맨 One Punch Man	5.0
encore20	원피스 ONE PIECE	5.0
encore21	사람, 장소, 환대	3.0
encore21	알렉스 퍼거슨 나의 이야기	3.5
encore21	나, 건축가 안도 다다오	4.0
encore21	마시멜로 이야기	4.0
encore21	이기는 습관	5.0
encore21	타짜 3부	2.5
encore21	경영학 콘서트	4.5
encore21	적을 만들지 않는 대화법	5.0
encore21	참을 수 없는 존재의 가벼움	5.0
encore21	이웃 사람	4.5
encore21	미생	3.5
encore21	멋진 신세계	4.0
encore21	소녀의 세계	3.0
encore21	아픔이 길이 되려면	3.5
encore21	생각 버리기 연습	3.0
encore21	방황해도 괜찮아	5.0
encore21	책은 도끼다	3.0
encore21	끌리는 사람은 1%가 다르다	3.5
encore21	영혼을 위한 닭고기 수프 1	3.0
encore21	눈먼 자들의 도시	4.0
encore21	하마터면 열심히 살 뻔했다	5.0
encore21	파과	3.0
encore21	어디서 살 것인가	4.5
encore21	나는 단순하게 살기로 했다	5.0
encore21	마케터의 일	4.5
encore21	마시멜로 두 번째 이야기	2.5
encore21	해리 포터와 비밀의 방	5.0
encore21	Call Me by Your Name	5.0
encore21	1만권 독서법	2.5
encore21	Carol	5.0
encore21	언니의 독설	2.5
encore21	메모 습관의 힘	3.0
encore21	죽고 싶지만 떡볶이는 먹고 싶어	5.0
encore21	1리터의 눈물 마지막 편지	4.5
encore21	스무살에 알았더라면 좋았을 것들	3.0
encore21	오늘처럼 내가 싫었던 날은 없다	5.0
encore21	하루 15분 정리의 힘	2.5
encore21	예감은 틀리지 않는다	3.0
encore21	고양이	5.0
encore21	빠삐용	3.0
encore21	그릿 GRIT	5.0
encore21	노르웨이의 숲	3.0
encore21	나는 고양이로소이다	2.5
encore21	구해줘	5.0
encore21	앵무새 죽이기	2.5
encore21	송곳	2.5
encore21	해리 포터와 죽음의 성물	2.5
encore21	네가 어떤 삶을 살든 나는 너를 응원할 것이다	5.0
encore21	너의 췌장을 먹고 싶어	2.0
encore21	나의 문화유산답사기 	5.0
encore21	위대한 개츠비	5.0
encore21	파라다이스	5.0
encore21	개미	4.0
encore21	이클립스	2.0
encore22	진격의 거인 후회없는 선택	4.0
encore22	누가 내 치즈를 옮겼을까?	4.5
encore22	더 파이팅 The Fighting	5.0
encore22	해리 포터와 불의 잔	4.5
encore22	아낌없이 주는 나무	4.0
encore22	나무	4.0
encore22	사랑손님과 어머니	4.0
encore22	해리 포터와 아즈카반의 죄수	4.5
encore22	아홉살 인생	4.0
encore22	덕혜옹주	4.0
encore22	후레자식	4.0
encore22	좀머 씨 이야기	4.0
encore22	해리 포터와 마법사의 돌	5.0
encore22	운수 좋은 날 「현진건」	4.0
encore22	광장/구운몽	4.0
encore22	운수좋은 날	4.0
encore22	우리들의 행복한 시간	4.0
encore22	눈먼 자들의 도시	5.0
encore22	마시멜로 두 번째 이야기	3.5
encore22	앵무새 죽이기	4.0
encore22	식객	4.5
encore22	캣칭 파이어	4.5
encore22	헝거 게임	4.5
encore22	트와일라잇	4.5
encore22	아프니까 청춘이다	4.5
encore22	돈키호테	4.0
encore22	반지의 제왕	5.0
encore22	오체 불만족	4.5
encore22	연금술사	4.0
encore22	선천적 얼간이들	4.5
encore22	해리 포터와 비밀의 방	5.0
encore22	편의점 인간	4.0
encore22	26년	5.0
encore22	신과 함께 : 저승편	5.0
encore22	해리 포터와 혼혈왕자	4.5
encore22	죽은 시인의 사회	5.0
encore22	은교	4.0
encore22	개를 훔치는 완벽한 방법	4.0
encore22	이웃 사람	4.5
encore22	안네의 일기	4.5
encore22	마당을 나온 암탉	4.5
encore22	미 비포 유	4.5
encore22	너의 이름은.	5.0
encore22	명탐정 코난	5.0
encore22	우동 한 그릇	4.5
encore22	해리 포터와 불사조 기사단	4.0
encore22	화차	4.0
encore22	외모지상주의 1	4.0
encore22	신과 함께 : 신화편	4.5
encore22	나니아 연대기	4.5
encore22	남한산성	4.0
encore22	남과 여 1	4.0
encore22	트와일라잇	4.5
encore22	레미제라블	4.5
encore23	나무	5.0
encore23	천사와 악마	5.0
encore23	개미	5.0
encore23	데미안	5.0
encore23	아프니까 청춘이다	4.5
encore23	에고라는 적	4.0
encore23	7년 후	5.0
encore23	내 안에서 나를 만드는 것들	5.0
encore23	완벽한 공부법	5.0
encore23	지금 우리 학교는	5.0
encore23	이태원 클라쓰	5.0
encore23	디지털 포트리스	4.5
encore23	1시간에 1권 퀀텀 독서법	5.0
encore23	프레임	5.0
encore23	혼자 있는 시간의 힘	5.0
encore23	당신은 겉보기에 노력하고 있을 뿐	5.0
encore23	어떻게 원하는 것을 얻는가	5.0
encore23	마지막 강의	5.0
encore23	독서는 절대 나를 배신하지 않는다	5.0
encore23	미 비포 유	5.0
encore23	해리 포터와 불사조 기사단	5.0
encore23	Me Before You	5.0
encore23	살아 있는 동안 꼭 해야 할 49가지	3.5
encore23	해리 포터와 비밀의 방	5.0
encore23	스무살에 알았더라면 좋았을 것들	5.0
encore23	구해줘	5.0
encore23	해리 포터와 혼혈왕자	5.0
encore23	조명가게	2.0
encore23	하버드 새벽 4시 반	5.0
encore23	자존감 수업	5.0
encore23	그릿 GRIT	5.0
encore23	세상에 너를 소리쳐!	3.5
encore23	미생	5.0
encore23	죽음에 관하여	5.0
encore23	해리 포터와 마법사의 돌	5.0
encore23	당신, 거기 있어 줄래요?	5.0
encore23	남과 여 1	5.0
encore23	신	5.0
encore23	용의자 X의 헌신	5.0
encore23	다 빈치 코드	3.5
encore23	해리 포터와 아즈카반의 죄수	5.0
encore23	누가 내 치즈를 옮겼을까?	3.5
encore23	멈추면, 비로소 보이는 것들	5.0
encore23	오베라는 남자	3.5
encore23	여덟 단어	5.0
encore23	20세기 소년	5.0
encore23	1cm 첫 번째 이야기	5.0
encore23	보통의 존재 	3.0
encore23	나니아 연대기	5.0
encore23	아홉살 인생	4.0
encore24	하늘과 바람과 별과 詩	4.0
encore24	화성에서 온 남자 금성에서 온 여자	3.0
encore24	이것이 인간인가	4.0
encore24	폭풍의 언덕	4.0
encore24	모든 것이 산산이 부서지다	4.0
encore24	야만인을 기다리며	4.5
encore24	오셀로	4.0
encore24	주홍 글자	4.0
encore24	맥베스	4.0
encore24	은교	3.5
encore24	찰리와 초콜릿 공장 	4.5
encore24	만화로 보는 그리스 로마 신화	4.0
encore24	지도 밖으로 행군하라	3.5
encore24	탈무드	4.0
encore24	먼나라 이웃나라	4.0
encore24	운수 좋은 날 「현진건」	4.0
encore24	채식주의자	3.5
encore24	해리 포터와 혼혈왕자	4.5
encore24	해리 포터와 마법사의 돌	5.0
encore24	오체 불만족	4.0
encore24	그레이의 50가지 그림자	3.5
encore24	언어의 온도	3.0
encore24	지적 대화를 위한 넓고 얕은 지식 : 현실 너머 편	4.0
encore24	EBS 다큐프라임 자본주의	4.0
encore24	마시멜로 이야기	4.0
encore24	인간 실격	4.5
encore24	시민의 교양	4.5
encore24	눈먼 자들의 도시	4.5
encore24	파리대왕	4.0
encore24	노인을 위한 나라는 없다	4.0
encore24	진중권의 서양미술사 : 모더니즘 편	3.5
encore24	예루살렘의 아이히만	4.0
encore24	자유론	4.0
encore24	클림트	5.0
encore24	롤리타	4.0
encore24	해리 포터와 아즈카반의 죄수	4.5
encore24	파피용	5.0
encore24	해리 포터와 비밀의 방	4.5
encore24	연탄길	3.0
encore24	날개	4.5
encore24	어린 왕자	5.0
encore24	위대한 개츠비	5.0
encore24	해리 포터와 불사조 기사단	4.5
encore24	해리 포터와 죽음의 성물	4.5
encore24	해리 포터와 불의 잔	4.5
encore24	죽은 시인의 사회	4.5
encore24	삼국지	4.0
encore24	총 균 쇠	3.5
encore24	무한동력 1	3.0
encore24	조명가게	3.0
encore25	용의자 X의 헌신	4.5
encore25	월리를 찾아라! 	4.5
encore25	이클립스	1.5
encore25	뉴문	1.5
encore25	햄릿	2.5
encore25	완득이	2.5
encore25	명탐정 코난	3.5
encore25	미생	2.5
encore25	탈무드	2.0
encore25	먼나라 이웃나라	2.5
encore25	당신, 거기 있어 줄래요?	2.0
encore25	완득이	1.0
encore25	눈먼 자들의 도시	2.5
encore25	슬램덩크	4.5
encore25	향수	2.5
encore25	해리 포터와 불의 잔	0.5
encore25	해리 포터와 아즈카반의 죄수	0.5
encore25	리만 가설	5.0
encore25	뷰티풀 마인드	4.0
encore25	미적분학 1+	3.5
encore25	미분적분학	3.5
encore25	신은 주사위 놀이를 하지 않는다	2.5
encore25	슈뢰딩거의 고양이	3.5
encore25	인터스텔라의 과학	2.5
encore25	페르마의 마지막 정리	3.5
encore25	앨런 튜링의 이미테이션 게임	1.5
encore25	트와일라잇	2.0
encore25	오만과 편견	2.5
encore25	용의자 X의 헌신	2.5
encore25	우리들의 행복한 시간	2.5
encore25	천사와 악마	2.5
encore25	해리 포터와 비밀의 방	0.5
encore25	왜 나는 너를 사랑하는가	3.5
encore25	다 빈치 코드	1.5
encore25	정의란 무엇인가	2.5
encore25	위대한 개츠비	2.5
encore25	해리 포터와 마법사의 돌	0.5
encore25	엄마의 말뚝	3.5
encore25	난장이가 쏘아올린 작은 공	3.5
encore25	논리야 놀자	3.5
encore25	연탄길	5.0
encore25	타짜 2부	5.0
encore25	1만 시간의 법칙	1.0
encore25	몬스터	5.0
encore25	멘사 사고력 퍼즐	3.0
encore25	마시멜로 이야기	4.0
encore25	메밀꽃 필 무렵	4.0
encore25	페르마의 마지막 정리	4.0
encore25	H2 오리지널	4.0
encore25	우동 한 그릇	4.0
encore26	서평 쓰는 법	4.0
encore26	타짜 1부	4.0
encore26	실행이 답이다	2.5
encore26	딥 워크	4.5
encore26	습관의 재발견	2.5
encore26	인공지능과 딥러닝	4.0
encore26	누군가는 거짓말을 하고 있다	4.5
encore26	굿 라이프	4.0
encore26	블루 오션 전략 	4.5
encore26	스펀지 5	5.0
encore26	쿠로코의 농구	4.5
encore26	비트코인 현상, 블록체인 2.0	5.0
encore26	오리엔트 특급 살인	4.0
encore26	사람, 장소, 환대	5.0
encore26	그릿 GRIT	5.0
encore26	비밀의 정원	2.0
encore26	하룻밤에 읽는 한국사	3.5
encore26	육일약국 갑시다	5.0
encore26	죽을 때 후회하는 스물다섯 가지	4.0
encore26	외모지상주의 1	3.0
encore26	하버드의 생각수업	5.0
encore26	내 ID는 강남미인	4.5
encore26	스물아홉 생일, 1년 후 죽기로 결심했다	5.0
encore26	파브르 곤충기	4.5
encore26	방과 후	3.5
encore26	로미오와 줄리엣	4.0
encore26	가시고기	3.5
encore26	연애혁명	4.5
encore26	마돈나	4.5
encore26	원펀맨 One Punch Man	5.0
encore26	원피스 ONE PIECE	5.0
encore27	오리엔트 특급 살인	3.5
encore27	마지막 수업	3.0
encore27	마지막 수업	3.0
encore27	변신	3.0
encore27	별	2.5
encore27	말괄량이 길들이기	2.0
encore27	살인의 해석	4.0
encore27	데미안	5.0
encore27	국화꽃 향기	2.5
encore27	익숙한 새벽 세시	4.5
encore27	어디서 살 것인가	2.5
encore27	끝없는 이야기 1	4.0
encore27	자전거를 못 타는 아이	4.0
encore27	눈의 여왕	4.0
encore27	셜록 홈즈 전집 7 : 셜록 홈즈의 귀환	3.5
encore27	생각의 지도	3.5
encore27	셜록 홈즈 전집 1 : 공포의 계곡	3.5
encore27	셜록 홈즈 전집 4 : 셜록 홈즈의 모험	4.0
encore27	광란자	3.0
encore27	대런 섄	2.5
encore27	시지프 신화	3.0
encore27	슬럼독 밀리어네어	4.5
encore27	어린 왕자	5.0
encore27	생각에 관한 생각	4.0
encore27	오페라의 유령	3.5
encore27	쇼퍼홀릭	3.0
encore27	여중생A	5.0
encore27	선천적 얼간이들	4.0
encore27	셜록 홈즈 전집 2 : 배스커빌의 개	3.5
encore27	씁쓸한 초콜릿	3.5
encore27	전갈의 아이	3.5
encore27	한밤중에 개에게 일어난 의문의 사건	3.5
encore27	신의 놀이	4.0
encore27	이야기 파라독스	4.5
encore27	콰이어트 Quiet	3.0
encore27	구덩이	4.5
encore27	달콤 쌉싸름한 초콜릿	3.0
encore27	빨간 머리 앤	4.5
encore27	삼월은 붉은 구렁을	4.5
encore27	멋진 징조들	4.0
encore27	마음을 열어주는 101가지 이야기 1	3.5
encore27	사립학교 아이들	3.0
encore27	혼자를 기르는 법	4.5
encore27	며느라기	5.0
encore27	하늘 호수로 떠난 여행	2.5
encore27	인간 실격	3.0
encore27	생각의 탄생	3.0
encore27	미생	4.0
encore27	그랜드 부다페스트 호텔	4.0
encore27	해리 포터와 불의 잔	3.5
encore27	에드거 앨런 포 단편선	3.5
encore27	어린 왕자	5.0
encore27	중국인 거리 「오정희」	2.5
encore27	Call Me by Your Name	3.0
encore27	푸른 수염	1.5
encore27	카네기 인간관계론	2.5
encore27	동백꽃 / 봄봄	3.5
encore27	톰 소여의 모험	3.5
encore27	죽은 왕녀를 위한 파반느	2.5
encore27	해리 포터와 죽음의 성물	3.5
encore27	이상한 나라의 앨리스 (한글판 + 영문판 합본)	4.5
encore27	나의 라임 오렌지나무	4.5
encore27	죽은 왕녀를 위한 파반느	2.5
encore27	주홍 글자	3.0
encore27	메밀꽃 필 무렵	3.0
encore27	주홍색 연구	4.0
encore27	노빈손의 버뮤다 어드벤처	3.0
encore27	고도를 기다리며	4.0
encore27	개를 훔치는 완벽한 방법	3.5
encore27	파리대왕	4.0
encore27	꺼삐딴 리	3.0
encore27	영혼을 위한 닭고기 수프 1	3.5
encore27	정의란 무엇인가	4.5
encore27	80일간의 세계일주	4.0
encore27	신과 함께 : 신화편	3.5
encore27	창가의 토토	4.0
encore27	봄철 한정 딸기 타르트 사건	3.0
encore27	자살토끼	2.5
encore27	어린 왕자	5.0
encore27	위저드 베이커리	4.0
encore27	신과 함께 : 저승편	4.5
encore27	호밀밭의 파수꾼	4.0
encore27	오세암	3.0
encore27	죽은 시인의 사회	4.0
encore27	정재승의 과학 콘서트	3.5
encore27	다이어터 3 : 건강지속 편	4.0
encore27	유진과 유진	3.0
encore27	죽음에 관하여	4.0
encore27	해리 포터와 아즈카반의 죄수	4.0
encore27	하리하라의 과학블로그	4.0
encore27	어린 왕자	5.0
encore27	꿈꾸는 책들의 도시	3.5
encore27	키다리 아저씨	4.0
encore27	모리와 함께한 화요일	2.5
encore27	시타를 위하여	4.0
encore27	웃는 남자	3.0
encore27	유성의 인연	3.0
encore27	이방인	4.0
encore27	셜록 홈즈 : 모리어티의 죽음	4.0
encore27	소피의 세계	4.5
encore27	완득이	3.5
encore27	나의 라임 오렌지 나무	4.5
encore27	데미안	4.5
encore27	1984	3.5
encore27	마당을 나온 암탉	2.5
encore27	어린 왕자	5.0
encore27	로빈슨 크루소	2.5
encore27	80일간의 세계 일주	4.0
encore27	해리 포터와 불사조 기사단	4.0
encore27	날개	3.5
encore27	오리엔트 특급살인	4.0
encore27	봄.봄 「김유정」	3.0
encore27	다이어터 2 : 운동적응기 편	4.0
encore27	광수생각	2.0
encore27	아웃라이어	3.0
encore27	파이 이야기	4.5
encore27	우아한 거짓말	4.5
encore27	위저드 베이커리	4.0
encore27	변신	4.0
encore27	해리 포터와 혼혈왕자	4.0
encore27	난장이가 쏘아올린 작은 공	3.0
encore27	빨강머리 앤	4.5
encore27	보통의 존재 	4.0
encore27	진주 귀고리 소녀	3.0
encore27	해리 포터와 마법사의 돌	4.0
encore27	로미오와 줄리엣	3.5
encore27	리버 보이	4.0
encore27	아홉살 인생	3.5
encore27	운수좋은 날	3.0
encore27	인간 실격	3.0
encore27	얼굴 빨개지는 아이	4.0
encore27	낮에 뜨는 달	3.5
encore27	치즈 인 더 트랩	4.0
encore27	내 영혼이 따뜻했던 날들	4.0
encore27	연어	3.5
encore27	맥베스	3.5
encore27	다이어터 1 : 식이조절 편	4.0
encore27	앵무새 죽이기	5.0
encore27	좋아하면 울리는 1	4.0
encore27	어서오세요, 305호에!	5.0
encore28	다 빈치 코드	4.0
encore28	R까기	3.0
encore28	어서와 파이썬은 처음이지!	5.0
encore28	Do it! 점프 투 파이썬	4.0
encore28	빛의 물리학	2.0
encore28	음식의 언어	2.0
encore28	앵무새 죽이기	2.5
encore28	동물농장	4.0
encore28	정의란 무엇인가	3.0
encore28	퍼스트 클래스 승객은 펜을 빌리지 않는다	2.0
encore28	해리 포터와 아즈카반의 죄수	4.0
encore28	해리 포터와 마법사의 돌	4.0
encore28	1만 시간의 법칙	2.0
encore28	시크릿	1.5
encore28	스키너의 심리상자 열기	3.0
encore28	타짜 1부	5.0
encore28	해리 포터와 죽음의 성물	4.0
encore28	가면 산장 살인 사건	4.5
encore28	안나라수마나라	4.5
encore28	신과 함께 : 신화편	4.0
encore28	고백	2.5
encore28	해리 포터와 불의 잔	4.0
encore28	하이큐!!	3.0
encore28	미생	3.5
encore28	소크라테스의 변명	4.5
encore28	타나토노트	3.5
encore28	신호와 소음	3.0
encore28	이기적 유전자	5.0
encore28	1984	5.0
encore28	경제학 콘서트	3.5
encore28	아웃라이어	2.5
encore28	웃음	3.5
encore28	강철의 연금술사	5.0
encore28	설득의 심리학	3.5
encore28	해리 포터와 불사조 기사단	4.0
encore28	신	4.5
encore28	명탐정 코난	3.5
encore28	용의자 X의 헌신	3.0
encore28	멘사 사고력 퍼즐	4.0
encore28	슬램덩크	4.0
encore29	바보 빅터	3.5
encore29	2012 마음의 소리 Ver.1	4.0
encore29	삼미 슈퍼스타즈의 마지막 팬클럽	3.0
encore29	브레이킹 던	3.5
encore29	센트럴파크	4.5
encore29	소설가 구보씨의 일생	3.5
encore29	스물아홉 생일, 1년 후 죽기로 결심했다	4.5
encore29	오체 불만족	4.0
encore29	당신, 거기 있어 줄래요?	4.0
encore29	어린 왕자	3.5
encore29	빨강 머리 앤	3.5
encore29	두근두근 내 인생	4.5
encore29	빨강머리 앤	3.5
encore29	뉴문	4.0
encore29	운수 좋은 날 「현진건」	4.0
encore29	바깥은 여름	3.5
encore29	Twilight	4.0
encore29	덕혜옹주	4.0
encore29	어린 왕자	4.0
encore29	누가 내 치즈를 옮겼을까?	3.5
encore29	운수좋은 날	4.0
encore29	그놈은 멋있었다	4.0
encore29	가시고기	4.0
encore29	아홉살 인생	4.0
encore29	낢이 사는 이야기	3.5
encore29	안네의 일기	4.0
encore29	그대를 사랑합니다	4.5
encore29	도레미파솔라시도	4.5
encore29	이클립스	4.0
encore29	7년 후	4.0
encore29	구운몽	3.5
encore29	삼봉이발소	3.0
encore29	신과 함께 : 신화편	4.0
encore29	등대지기	3.5
encore29	오세암	4.0
encore29	마지막 잎새	3.5
encore29	유미의 세포들	4.0
encore29	미움받을 용기	4.0
encore29	마당을 나온 암탉	3.5
encore29	도가니	4.5
encore29	연금술사	4.0
encore29	엄마를 부탁해	4.0
encore29	꾸뻬 씨의 행복 여행	3.5
encore29	트와일라잇	4.0
encore29	어린 왕자	3.5
encore29	치즈 인 더 트랩	3.0
encore29	구해줘	4.0
encore29	사서함 110호의 우편물	4.5
encore29	남과 여 1	4.0
encore29	나미야 잡화점의 기적	4.5
encore29	난장이가 쏘아올린 작은 공	3.5
encore30	종이 여자	4.0
encore30	나루토 Naruto	4.0
encore30	꾸뻬 씨의 행복 여행	3.5
encore30	미 비포 유	4.0
encore30	정의란 무엇인가	3.0
encore30	나미야 잡화점의 기적	4.0
encore30	마당을 나온 암탉	3.5
encore30	미생	4.0
encore30	멘사 사고력 퍼즐	3.0
encore30	블리치	4.0
encore30	난장이가 쏘아올린 작은 공	3.0
encore30	운수 좋은 날 「현진건」	3.5
encore30	우리들의 행복한 시간	3.5
encore30	갈매기의 꿈	3.5
encore31	탐정학원	3.0
encore31	데스 노트 Death Note	4.5
encore31	고스트 바둑왕	4.0
encore31	낢이 사는 이야기	3.0
encore31	이끼	3.5
encore31	닥터 프로스트 7 : 페르소나	3.0
encore31	신 암행어사 1	3.0
encore31	눈물을 마시는 새	3.5
encore31	갓 오브 하이스쿨	3.0
encore31	슬램덩크 오리지널 박스판 세트 - 전5권	5.0
encore31	에고라는 적	3.0
encore31	디셉션 포인트	4.0
encore31	미스터 초밥왕	4.0
encore31	냄새를 보는 소녀	3.0
encore31	이클립스	2.5
encore31	아홉살 인생	3.0
encore31	명탐정 코난	4.5
encore31	셜록 홈즈 : 바스커빌 가문의 개	3.5
encore31	잠	3.5
encore31	호빗	4.0
encore31	2013 마음의 소리 Ver.1	2.5
encore31	베르베르 독자들이 쓴 나무 2	3.0
encore31	헬싱	2.0
encore31	방과 후 전쟁활동	2.0
encore31	브리 태너	2.5
encore31	해리 포터와 혼혈왕자	5.0
encore31	메밀꽃 필 무렵	2.0
encore31	트와일라잇	2.5
encore31	바쿠만 BAKUMAN	4.5
encore31	디지털 포트리스	4.0
encore31	셜록 홈즈 전집 4 : 셜록 홈즈의 모험	4.0
encore31	나의 라임 오렌지나무	2.5
encore31	개미혁명	3.0
encore31	정재승의 과학 콘서트	3.0
encore31	헬퍼 Hellper	5.0
encore31	무빙	3.0
encore31	왕좌의 게임	5.0
encore31	공중그네	3.0
encore31	닥터 프로스트 1 : 텅 빈 남자	3.0
encore31	파피용	4.0
encore31	황태자비 납치사건	3.5
encore31	로스트 심벌	4.0
encore31	멘사 사고력 퍼즐	3.0
encore31	뉴문	2.5
encore31	오리진	4.0
encore31	인페르노	4.0
encore31	나니아 연대기	4.0
encore31	제3인류	4.0
encore31	파라다이스	4.0
encore31	2012 마음의 소리 Ver.1	3.0
encore31	신과 함께 : 저승편	3.0
encore31	셜록 홈즈 : 주홍색 연구	4.0
encore31	나무	3.5
encore31	남과 여 1	4.0
encore31	천사와 악마	4.0
encore31	셜록 홈즈 : 모리어티의 죽음	4.0
encore31	고구려	3.0
encore31	나의 라임 오렌지 나무	3.0
encore31	삼국지	5.0
encore31	안나라수마나라	3.0
encore31	웃음	3.0
encore31	브레이킹 던	3.0
encore31	향수	3.0
encore31	파페포포 안단테	3.5
encore31	뇌	4.0
encore31	20세기 소년	3.0
encore31	해리 포터와 마법사의 돌	5.0
encore31	송곳	2.5
encore31	후레자식	2.5
encore31	파페포포 다이어리	3.0
encore31	카산드라의 거울	3.0
encore31	해리 포터와 아즈카반의 죄수	5.0
encore31	원펀맨 One Punch Man	4.5
encore31	타나토노트	4.0
encore31	문유	2.5
encore31	셜록 홈즈 전집 1	4.5
encore31	치즈 인 더 트랩	4.0
encore31	선천적 얼간이들	4.0
encore31	빠삐용	4.0
encore31	해리 포터와 죽음의 성물	5.0
encore31	나루토 Naruto	4.5
encore31	목욕의 신	2.0
encore31	다 빈치 코드	4.0
encore31	신과 함께 : 이승편	4.0
encore31	시간을 달리는 소녀	3.0
encore31	슬램덩크	4.0
encore31	천사들의 제국	4.0
encore31	어린 왕자	2.0
encore31	신	4.0
encore31	해리 포터와 비밀의 방	5.0
encore31	트와일라잇	2.5
encore31	어린 왕자	2.0
encore31	드래곤 라자	3.0
encore31	꺼삐딴 리	2.0
encore31	천년의 금서	2.0
encore31	운수 좋은 날 「현진건」	2.0
encore31	봄.봄 「김유정」	2.0
encore31	삼봉이발소	2.0
encore31	걸리버 여행기	2.0
encore31	어린 왕자	3.0
encore31	개미	4.0
encore31	드래곤 볼	5.0
encore31	신과 함께 : 신화편	3.0
encore31	용의자 X의 헌신	3.0
encore31	원피스 ONE PIECE	5.0
encore31	먼나라 이웃나라	3.0
encore31	모리와 함께한 화요일	3.0
encore31	죽음에 관하여	3.0
encore32	정의란 무엇인가	3.0
encore32	조선왕조실톡	3.0
encore32	식객	2.5
encore32	안나라수마나라	3.5
encore32	여중생A	2.5
encore32	자살토끼	2.5
encore32	동백꽃 / 봄봄	3.0
encore32	짬	2.5
encore32	하악하악	2.5
encore32	마스터 키튼	1.0
encore32	연금술사	3.5
encore32	닥터 노구찌	3.0
encore32	세계대전 Z	2.0
encore32	운수 좋은 날	2.5
encore32	나루토 Naruto	2.5
encore32	DP 개의 날	2.0
encore32	달빛 조각사	2.0
encore32	엄마, 일단 가고봅시다!	4.0
encore32	먼나라 이웃나라	3.0
encore32	유희왕	3.0
encore32	다 빈치 코드	3.0
encore32	위대한 게임 위대한 기획자	3.5
encore32	게임 기획자되기	2.5
encore32	게임회사 이야기	4.0
encore32	도박묵시록 카이지	3.0
encore32	데미안	3.0
encore32	벤자민 버튼의 시간은 거꾸로 간다	2.5
encore32	광수생각	3.0
encore32	끝없는 이야기 1	3.5
encore32	날개 : 이상 소설전집	3.5
encore32	강철의 연금술사	3.5
encore32	북유럽 신화	3.5
encore32	브이 포 벤데타	4.5
encore32	신과 함께 : 저승편	4.0
encore32	파피용	2.5
encore32	해리 포터와 마법사의 돌	3.0
encore32	신과 함께 : 신화편	3.5
encore32	스티브 잡스	2.5
encore32	완득이	3.0
encore32	죽음에 관하여	4.0
encore32	샤먼킹	1.5
encore32	너의 이름은.	4.0
encore32	마지막 잎새	2.5
encore32	원펀맨 One Punch Man	4.0
encore32	실질객관동화	3.5
encore32	이말년 씨리즈	3.5
encore32	고우영 三國志	4.0
encore32	삼봉이발소	4.0
encore32	서울 시 2	3.5
encore32	돌격! 남자훈련소	2.5
encore32	무한동력 1	4.5
encore32	설민석의 무도 한국사 특강	4.0
encore32	박시백의 조선왕조실록 1	4.0
encore32	아프니까 청춘이다	0.5
encore32	구운몽	3.0
encore32	창문 넘어 도망친 100세 노인	3.0
encore32	다크 메이지	2.5
encore32	눈먼 자들의 도시	3.5
encore32	서울 시	3.0
encore32	습지생태보고서	3.5
encore32	스타크래프트 진화	4.0
encore32	하얀 늑대들	3.5
encore32	영어 천재가 된 홍 대리	3.0
encore32	양영순의 천일야화	4.0
encore32	맨발의 겐	5.0
encore32	반지의 제왕	5.0
encore32	일지매	4.0
encore32	나는 둔감하게 살기로 했다	0.5
encore32	대학일기	3.5
encore32	시크릿	2.5
encore32	덴마 Denma	4.5
encore32	화폐전쟁	0.5
encore32	마시멜로 세 번째 이야기	3.5
encore32	창가의 토토	2.5
encore32	해리 포터와 저주받은 아이 (스페셜 리허설 에디션 대본)	3.5
encore32	타짜 1부	4.0
encore32	걸리버 여행기	3.5
encore32	연탄길	3.5
encore32	로스트 심벌	4.5
encore32	십시일反	4.0
encore32	슬램덩크	4.0
encore32	어린 왕자	4.0
encore32	마시멜로 이야기	3.5
encore32	나니아 연대기	4.5
encore32	1984	4.0
encore32	마시멜로 두 번째 이야기	3.5
encore32	오세암	2.5
encore32	개미	3.5
encore32	나무	4.0
encore32	오발탄	2.5
encore32	바리데기	2.0
encore32	해리 포터와 불사조 기사단	4.0
encore32	코믹 메이플 스토리 오프라인 RPG	0.5
encore32	엄마, 결국은 해피엔딩이야!	4.5
encore32	종이 여자	4.0
encore32	천사와 악마	4.5
encore32	신	4.0
encore32	모모	4.5
encore32	만화로 보는 그리스 로마 신화	4.0
encore32	해리 포터와 죽음의 성물	4.5
encore33	그리스인 조르바 - 전2권 (한글판 + 영문판)	4.0
encore33	남쪽으로 튀어!	3.0
encore33	도가니	2.5
encore33	연금술사	2.0
encore33	왜 나는 너를 사랑하는가	1.0
encore33	경제학 콘서트	3.0
encore33	괴짜경제학	3.0
encore33	구글 신은 모든 것을 알고 있다	3.0
encore33	토지	4.0
encore33	버리고 갈 것만 남아서 참 홀가분하다	3.0
encore33	댈러웨이 부인	3.5
encore33	냉정과 열정사이 Blu	2.5
encore33	냉정과 열정사이 Rosso	2.5
encore33	여자라면 힐러리처럼	1.5
encore33	계층이동의 사다리	3.0
encore33	이렇게 맛있고 멋진 채식이라면	3.0
encore33	무엇이 우리를 무능하게 만드는가	2.0
encore33	부의 미래	3.5
encore33	셈을 할 줄 아는 까막눈이 여자	3.0
encore33	나는 더 이상 당신의 가족이 아니다	2.5
encore33	알고리즘, 인생을 계산하다	2.5
encore33	경제학자의 영광과 패배	3.0
encore33	시크릿	0.5
encore33	유엔미래보고서 2040	1.5
encore33	이기적 유전자	3.0
encore33	내 옆에 있는 사람	1.5
encore33	나는 즐라탄이다	0.5
encore33	1984	3.5
encore33	미국은 동아시아를 어떻게 지배했나	3.0
encore33	MB의 비용	3.5
encore33	피케티, 어떻게 읽을 것인가	3.5
encore33	사회학의 책	2.0
encore33	수레바퀴 아래서	3.0
encore33	게으름에 대한 찬양	3.0
encore33	당신도 전쟁을 알아야 한다	2.5
encore33	사랑의 기술	3.5
encore33	더티 라이프	1.5
encore33	만들어진 신	3.0
encore33	그들의 눈은 신을 보고 있었다	3.0
encore33	케빈에 대하여	2.0
encore33	성공하는 사람들의 7가지 습관	0.5
encore33	88만원 세대	2.5
encore33	국가의 사기	2.5
encore33	코스모스	5.0
encore33	저녁 무렵에 면도하기	2.5
encore33	군주론	2.0
encore33	난장이가 쏘아올린 작은 공	3.0
encore33	원미동 사람들	3.0
encore33	한국이 싫어서	3.0
encore33	내가 골드만삭스를 떠난 이유	3.0
encore33	EBS 다큐프라임 자본주의	2.5
encore33	데이터 분석 전문가 가이드 [ADP] [ADsP]	2.5
encore33	개발학 강의	2.5
encore33	생각에 관한 생각	3.5
encore33	자기만의 방	3.5
encore33	자기만의 방	3.5
encore33	노르웨이의 숲	3.5
encore33	채소의 기분, 바다표범의 키스	3.0
encore33	재즈의 초상	3.0
encore33	성장, 그 새빨간 거짓말	3.5
encore33	지적 대화를 위한 넓고 얕은 지식 : 현실 세계 편	2.0
encore33	사피엔스	3.5
encore33	왜 서양이 지배하는가	3.5
encore33	살인자의 기억법	3.0
encore33	미쉬킨의 화폐와 금융	3.0
encore33	21세기 자본	4.0
encore33	자기 앞의 생	3.5
encore33	공공성	3.0
encore33	불안	3.5
encore33	경제학은 어떻게 과학을 움직이는가	3.5
encore33	스물아홉 생일, 1년 후 죽기로 결심했다	2.0
encore33	정의란 무엇인가	3.5
encore33	가난한 사람이 더 합리적이다	3.5
encore33	총 균 쇠	3.5
encore33	국가는 왜 실패하는가	3.5
encore33	진주 귀고리 소녀	3.0
encore33	이방인	4.0
encore33	칼의 노래	3.5
encore33	인형의 집	4.0
encore33	미움받을 용기	2.0
encore33	참을 수 없는 존재의 가벼움	4.5
encore33	창문 넘어 도망친 100세 노인	3.0
encore33	달과 6펜스	4.0
encore33	데미안	4.0
encore33	파리대왕	4.0
encore33	위대한 개츠비	4.5
encore33	강신주의 감정수업	3.0
encore33	개미	2.0
encore33	누가 내 치즈를 옮겼을까?	3.0
encore33	인간 실격	4.0
encore33	멈추면, 비로소 보이는 것들	1.0
encore33	동물농장	4.0
encore33	자존감 수업	1.5
encore33	나무	2.5
encore33	오만과 편견	4.0
encore33	월리를 찾아라! 	1.0
encore33	엄마를 부탁해	2.0
encore33	다 빈치 코드	2.0
encore33	하버드 새벽 4시 반	1.0
encore34	천년의 금서	4.0
encore34	광장/구운몽	0.5
encore34	정글만리	3.0
encore34	고래	3.0
encore34	하악하악	4.0
encore34	도가니	2.0
encore34	채식주의자	3.5
encore34	살인자의 기억법	2.5
encore34	안나 카레니나	3.0
encore34	아홉살 인생	4.0
encore34	누가 내 치즈를 옮겼을까?	3.0
encore34	어메이징 스파이더맨	2.5
encore34	우선순위 영단어	3.0
encore34	80일간의 세계일주	2.0
encore34	위대한 개츠비	2.5
encore34	드림 레시피	3.5
encore34	커피우유와 소보로빵	3.0
encore34	감자	2.5
encore34	오체 불만족	3.0
encore34	신	2.0
encore34	의천도룡기	4.0
encore34	배트맨 : 다크 나이트 리턴즈	3.5
encore34	완득이	2.5
encore34	벽으로 드나드는 남자	3.0
encore34	오세암	2.5
encore34	멈추면, 비로소 보이는 것들	1.5
encore34	아낌없이 주는 나무 외	4.5
encore34	당신, 거기 있어 줄래요?	2.5
encore34	위저드 베이커리	2.0
encore34	데일 카네기 자기관리론	3.0
encore34	이지성의 꿈꾸는 다락방	3.5
encore34	꿈꾸는 다락방	3.5
encore34	진주 귀고리 소녀	2.5
encore34	셜록 홈즈 전집 1 : 공포의 계곡	3.5
encore34	달빛 조각사	1.5
encore34	머니볼	3.5
encore34	아Q정전	3.5
encore34	애거서 크리스티 전집 (완전판)	2.5
encore34	냉정과 열정사이 Blu	2.0
encore34	멈추면, 비로소 보이는 것들	3.0
encore34	향수	3.0
encore34	연인	2.0
encore34	등대지기	1.0
encore34	토지 	0.5
encore34	파페포포 메모리즈	5.0
encore34	1cm+ 일 센티 플러스	1.0
encore34	원피스 ONE PIECE	4.0
encore34	윤성우의 열혈 C 프로그래밍	2.5
encore34	1984	2.5
encore34	김미경의 드림 온(Dream On)	2.5
encore34	미생	3.5
encore34	당신은 겉보기에 노력하고 있을 뿐	3.0
encore34	곰돌이 푸, 행복한 일은 매일 있어	3.5
encore34	해리 포터와 아즈카반의 죄수	5.0
encore34	파페포포 레인보우	5.0
encore34	정의란 무엇인가	4.0
encore34	다이어터 3 : 건강지속 편	4.0
encore34	운수좋은 날	4.0
encore34	덕혜옹주	3.0
encore34	좋아하면 울리는 1	4.5
encore34	Me Before You	4.0
encore34	우리들의 행복한 시간	3.0
encore34	난장이가 쏘아올린 작은 공	0.5
encore34	대학일기	5.0
encore34	봄.봄 「김유정」	3.0
encore34	셰익스피어 4대 비극	2.0
encore34	가시고기	3.0
encore34	성공하는 사람들의 7가지 습관	4.5
encore34	우동 한 그릇	3.5
encore34	다이어터 1 : 식이조절 편	5.0
encore34	엄마를 부탁해	3.0
encore34	파페포포 안단테	5.0
encore34	아낌없이 주는 나무	4.0
encore34	해리 포터와 불사조 기사단	5.0
encore34	어린 왕자	4.0
encore34	나의 라임 오렌지나무	3.5
encore34	인생 수업	3.5
encore34	리딩으로 리드하라	3.5
encore34	규장각 각신들의 나날	3.0
encore34	연어	3.5
encore34	늑대의 유혹	2.0
encore34	80일간의 세계 일주	2.5
encore34	해리 포터와 마법사의 돌	5.0
encore34	어린 왕자	4.0
encore34	반지의 제왕	4.0
encore34	이클립스	2.5
encore34	원미동 사람들	2.5
encore34	치즈 인 더 트랩	4.0
encore34	메밀꽃 필 무렵	3.0
encore34	해리 포터와 혼혈왕자	5.0
encore34	걸리버 여행기	3.0
encore34	덕혜옹주	2.0
encore34	나니아 연대기	4.0
encore34	아프니까 청춘이다	3.0
encore34	탈무드	4.0
encore34	해리 포터와 죽음의 성물	5.0
encore34	너에게 닿기를	4.0
encore34	먼나라 이웃나라	3.0
encore34	군주론	1.5
encore34	은밀하게 위대하게	3.5
encore34	봉순이 언니	3.0
encore34	내 심장을 쏴라	3.5
encore34	블리치	2.5
encore34	해리 포터와 저주받은 아이 (스페셜 리허설 에디션 대본)	4.5
encore34	칼의 노래	4.0
encore34	다이어터 2 : 운동적응기 편	4.0
encore34	꾸뻬 씨의 행복 여행	3.0
encore34	지적 대화를 위한 넓고 얕은 지식 : 현실 세계 편	1.5
encore34	죽은 왕녀를 위한 파반느	3.0
encore34	너의 이름은.	2.5
encore35	법 앞에서	4.0
encore35	시골의사	5.0
encore35	베니스의 상인	4.0
encore35	호밀밭의 파수꾼	4.5
encore35	대지	4.5
encore35	이성과 감성	5.0
encore35	참을 수 없는 존재의 가벼움	4.0
encore35	목걸이	4.0
encore35	졸업	4.5
encore35	고도를 기다리며	3.5
encore35	수레바퀴 아래서	4.5
encore35	먹고 기도하고 사랑하라	3.0
encore35	너새니얼 호손 단편선	4.5
encore35	오이대왕	4.0
encore35	이방인	5.0
encore35	나미야 잡화점의 기적	3.0
encore35	하치 이야기	4.5
encore35	위대한 개츠비	5.0
encore35	파리의 심리학 카페	4.0
encore35	백년의 고독	5.0
encore35	이중섭 1916-1956 편지와 그림들	4.5
encore35	엠마	4.0
encore35	부활	4.5
encore35	좁은 문	3.5
encore35	로빈슨 크루소	4.0
encore35	바람과 함께 사라지다	5.0
encore35	나목	4.0
encore35	뿌리	4.0
encore35	모파상 단편선	4.0
encore35	마담 보바리	4.0
encore35	여행의 기술	3.5
encore35	은하수를 여행하는 히치하이커를 위한 안내서	4.0
encore35	사진의 이해	4.0
encore35	루머의 루머의 루머	4.0
encore35	적과 흑	5.0
encore35	분노의 포도	5.0
encore35	꼬마 니콜라의 빨간 풍선	4.0
encore35	주홍 글자	4.5
encore35	변신	5.0
encore35	무기여 잘 있어라	4.0
encore35	벨아미	4.0
encore35	한여름 밤의 꿈	5.0
encore35	뻐꾸기 둥지 위로 날아간 새	5.0
encore35	인형의 집	4.0
encore35	프랑켄슈타인	5.0
encore35	댈러웨이 부인	5.0
encore35	데미안	5.0
encore35	앵무새 죽이기	5.0
encore35	레미제라블	4.5
encore35	소송	4.5
encore35	노트르담 드 파리	5.0
encore35	비밀의 화원	4.0
encore35	톰 아저씨의 오두막	4.0
encore35	젊은 베르테르의 슬픔	4.0
encore35	전락	4.0
encore35	80일간의 세계 일주	3.5
encore35	실버라이닝 플레이북	4.0
encore35	독일인의 사랑	4.0
encore35	낭만적 연애와 그 후의 일상	3.5
encore35	브리짓 존스의 일기	4.0
encore35	향수	4.0
encore35	세 갈래 길	4.0
encore35	빈에서는 인생이 아름다워진다	3.5
encore35	죽은 시인의 사회	4.0
encore35	월든	4.0
encore35	어린 왕자	4.5
encore35	빨간 머리 앤	4.0
encore35	앨저넌에게 꽃을	4.0
encore35	우동 한 그릇	3.0
encore35	바람의 딸 걸어서 지구 세바퀴 반	1.0
encore35	정의란 무엇인가	3.5
encore35	무진기행	1.5
encore35	악마는 프라다를 입는다	2.5
encore35	캉디드 혹은 낙관주의	4.5
encore35	세상의 끝에 내가 있다	5.0
encore35	노르웨이의 숲	1.0
encore35	1984	4.5
encore35	레밍 딜레마	4.0
encore35	마키아벨리	4.0
encore35	영혼을 위한 닭고기 수프	4.0
encore35	오리엔트 특급 살인	4.5
encore35	셰이프 오브 워터	4.0
encore35	죽은 시인의 사회	4.0
encore35	5초의 법칙	4.5
encore35	파리 대왕	4.0
encore35	멋진 신세계	4.0
encore35	제인 에어	4.0
encore35	그리고 아무도 없었다	4.0
encore35	신경 끄기의 기술	4.5
encore35	기획자의 습관	4.0
encore35	천 개의 찬란한 태양	4.5
